PrimerPlate	PrimerWell	FwBarcode	FwPrimer	RvBarcode	RvPrimer
1	A1	GCCAACAAGTAGCGCGAA	ATCACGAGGCAGAATTTCAG	TCGGAGGTTCGTGAGACA	ACGCGAAGTAATCTTTTCGG
1	A10	GCAATTGCCGCCATGTGT	ATCACGAGGCAGAATTTCAG	ACCGCAAGCAGCCATGTA	ACGCGAAGTAATCTTTTCGG
1	A11	ATGCAGTCAACGCTCCGA	ATCACGAGGCAGAATTTCAG	ACCACCACACGCTTAGGA	ACGCGAAGTAATCTTTTCGG
1	A12	AGCTCTCGCGGTGTCAAT	ATCACGAGGCAGAATTTCAG	TCACGCAACTGAGGCCTA	ACGCGAAGTAATCTTTTCGG
1	A2	TTGGTGCGCCGGTTAGTT	ATCACGAGGCAGAATTTCAG	AGGCAATCGCTAGGAGCT	ACGCGAAGTAATCTTTTCGG
1	A3	ACGCGGCTCTTCTACACA	ATCACGAGGCAGAATTTCAG	TCGTGCATGCCACTAGGA	ACGCGAAGTAATCTTTTCGG
1	A4	TGACCAGGCGAACCAAGT	ATCACGAGGCAGAATTTCAG	TGCCACGCATTGTCCTGT	ACGCGAAGTAATCTTTTCGG
1	A5	ACGTTCACCACAGGCCTT	ATCACGAGGCAGAATTTCAG	ACGGCGCACATACCTTGT	ACGCGAAGTAATCTTTTCGG
1	A6	AAGGACGCGTGAGAAGGA	ATCACGAGGCAGAATTTCAG	TGCCGGTTGCCTTACTGA	ACGCGAAGTAATCTTTTCGG
1	A7	TGCGCGTACTGGACTTGA	ATCACGAGGCAGAATTTCAG	TGTGCCGCGATTGGATCT	ACGCGAAGTAATCTTTTCGG
1	A8	AGAACCGGTTACGTGCCT	ATCACGAGGCAGAATTTCAG	TTGGCCGCAGAAGAGTGA	ACGCGAAGTAATCTTTTCGG
1	A9	ACGGCAAGGAATGTGTGC	ATCACGAGGCAGAATTTCAG	TGCAGCGCAACGAATGAG	ACGCGAAGTAATCTTTTCGG
1	B1	GCCAACAAGTAGCGCGAA	ATCACGAGGCAGAATTTCAG	AGCGAGCGTTCTCCGTAA	ACGCGAAGTAATCTTTTCGG
1	B10	GCAATTGCCGCCATGTGT	ATCACGAGGCAGAATTTCAG	TTCACTGCGGTGGAGGTT	ACGCGAAGTAATCTTTTCGG
1	B11	ATGCAGTCAACGCTCCGA	ATCACGAGGCAGAATTTCAG	TTGCACACCGCCTCTAGT	ACGCGAAGTAATCTTTTCGG
1	B12	AGCTCTCGCGGTGTCAAT	ATCACGAGGCAGAATTTCAG	TGTTGTGCGAGGCCTCTA	ACGCGAAGTAATCTTTTCGG
1	B2	TTGGTGCGCCGGTTAGTT	ATCACGAGGCAGAATTTCAG	ACGTCCTGCGGAACTCTT	ACGCGAAGTAATCTTTTCGG
1	B3	ACGCGGCTCTTCTACACA	ATCACGAGGCAGAATTTCAG	AGTCGCGCCATGTAGCTT	ACGCGAAGTAATCTTTTCGG
1	B4	TGACCAGGCGAACCAAGT	ATCACGAGGCAGAATTTCAG	GCTTCGTACGAGCATGCA	ACGCGAAGTAATCTTTTCGG
1	B5	ACGTTCACCACAGGCCTT	ATCACGAGGCAGAATTTCAG	ACGCGCGAATATCGGACA	ACGCGAAGTAATCTTTTCGG
1	B6	AAGGACGCGTGAGAAGGA	ATCACGAGGCAGAATTTCAG	TAAGCGGCGCCTAACCAT	ACGCGAAGTAATCTTTTCGG
1	B7	TGCGCGTACTGGACTTGA	ATCACGAGGCAGAATTTCAG	ACGCATCGGAGTGCAAGA	ACGCGAAGTAATCTTTTCGG
1	B8	AGAACCGGTTACGTGCCT	ATCACGAGGCAGAATTTCAG	CGGCGCGTTGAATCATGT	ACGCGAAGTAATCTTTTCGG
1	B9	ACGGCAAGGAATGTGTGC	ATCACGAGGCAGAATTTCAG	CGATGCGCTTCGTCTAGT	ACGCGAAGTAATCTTTTCGG
1	C1	TCCGAACCGCATGACACT	ATCACGAGGCAGAATTTCAG	TCGGAGGTTCGTGAGACA	ACGCGAAGTAATCTTTTCGG
1	C10	TCGCGCGGCAAGTTCATA	ATCACGAGGCAGAATTTCAG	ACCGCAAGCAGCCATGTA	ACGCGAAGTAATCTTTTCGG
1	C11	ACATCAGCCGAGTACGCT	ATCACGAGGCAGAATTTCAG	ACCACCACACGCTTAGGA	ACGCGAAGTAATCTTTTCGG
1	C12	AATCGCCGCTCGCAGTTA	ATCACGAGGCAGAATTTCAG	TCACGCAACTGAGGCCTA	ACGCGAAGTAATCTTTTCGG
1	C2	TGGAATGGCGTCCGCTAA	ATCACGAGGCAGAATTTCAG	AGGCAATCGCTAGGAGCT	ACGCGAAGTAATCTTTTCGG
1	C3	AGCTGGTGCCACAGAGAA	ATCACGAGGCAGAATTTCAG	TCGTGCATGCCACTAGGA	ACGCGAAGTAATCTTTTCGG
1	C4	TTCCGCCGAGCCTCTTAA	ATCACGAGGCAGAATTTCAG	TGCCACGCATTGTCCTGT	ACGCGAAGTAATCTTTTCGG
1	C5	TGTGCCTTCGCTAAGCCA	ATCACGAGGCAGAATTTCAG	ACGGCGCACATACCTTGT	ACGCGAAGTAATCTTTTCGG
1	C6	AACCGTGGATTGGCACGT	ATCACGAGGCAGAATTTCAG	TGCCGGTTGCCTTACTGA	ACGCGAAGTAATCTTTTCGG
1	C7	GCGCGCAGTCCTTAATCT	ATCACGAGGCAGAATTTCAG	TGTGCCGCGATTGGATCT	ACGCGAAGTAATCTTTTCGG
1	C8	ACAGCCTTGCTCGCTACT	ATCACGAGGCAGAATTTCAG	TTGGCCGCAGAAGAGTGA	ACGCGAAGTAATCTTTTCGG
1	C9	TGCCGGTGGAGAATTGGT	ATCACGAGGCAGAATTTCAG	TGCAGCGCAACGAATGAG	ACGCGAAGTAATCTTTTCGG
1	D1	TCCGAACCGCATGACACT	ATCACGAGGCAGAATTTCAG	AGCGAGCGTTCTCCGTAA	ACGCGAAGTAATCTTTTCGG
1	D10	TCGCGCGGCAAGTTCATA	ATCACGAGGCAGAATTTCAG	TTCACTGCGGTGGAGGTT	ACGCGAAGTAATCTTTTCGG
1	D11	ACATCAGCCGAGTACGCT	ATCACGAGGCAGAATTTCAG	TTGCACACCGCCTCTAGT	ACGCGAAGTAATCTTTTCGG
1	D12	AATCGCCGCTCGCAGTTA	ATCACGAGGCAGAATTTCAG	TGTTGTGCGAGGCCTCTA	ACGCGAAGTAATCTTTTCGG
1	D2	TGGAATGGCGTCCGCTAA	ATCACGAGGCAGAATTTCAG	ACGTCCTGCGGAACTCTT	ACGCGAAGTAATCTTTTCGG
1	D3	AGCTGGTGCCACAGAGAA	ATCACGAGGCAGAATTTCAG	AGTCGCGCCATGTAGCTT	ACGCGAAGTAATCTTTTCGG
1	D4	TTCCGCCGAGCCTCTTAA	ATCACGAGGCAGAATTTCAG	GCTTCGTACGAGCATGCA	ACGCGAAGTAATCTTTTCGG
1	D5	TGTGCCTTCGCTAAGCCA	ATCACGAGGCAGAATTTCAG	ACGCGCGAATATCGGACA	ACGCGAAGTAATCTTTTCGG
1	D6	AACCGTGGATTGGCACGT	ATCACGAGGCAGAATTTCAG	TAAGCGGCGCCTAACCAT	ACGCGAAGTAATCTTTTCGG
1	D7	GCGCGCAGTCCTTAATCT	ATCACGAGGCAGAATTTCAG	ACGCATCGGAGTGCAAGA	ACGCGAAGTAATCTTTTCGG
1	D8	ACAGCCTTGCTCGCTACT	ATCACGAGGCAGAATTTCAG	CGGCGCGTTGAATCATGT	ACGCGAAGTAATCTTTTCGG
1	D9	TGCCGGTGGAGAATTGGT	ATCACGAGGCAGAATTTCAG	CGATGCGCTTCGTCTAGT	ACGCGAAGTAATCTTTTCGG
1	E1	TTGGTGCGCCGGTTAGTT	ATCACGAGGCAGAATTTCAG	TCGGAGGTTCGTGAGACA	ACGCGAAGTAATCTTTTCGG
1	E10	ATGCAGTCAACGCTCCGA	ATCACGAGGCAGAATTTCAG	ACCGCAAGCAGCCATGTA	ACGCGAAGTAATCTTTTCGG
1	E11	AGCTCTCGCGGTGTCAAT	ATCACGAGGCAGAATTTCAG	ACCACCACACGCTTAGGA	ACGCGAAGTAATCTTTTCGG
1	E12	GCCAACAAGTAGCGCGAA	ATCACGAGGCAGAATTTCAG	TCACGCAACTGAGGCCTA	ACGCGAAGTAATCTTTTCGG
1	E2	ACGCGGCTCTTCTACACA	ATCACGAGGCAGAATTTCAG	AGGCAATCGCTAGGAGCT	ACGCGAAGTAATCTTTTCGG
1	E3	TGACCAGGCGAACCAAGT	ATCACGAGGCAGAATTTCAG	TCGTGCATGCCACTAGGA	ACGCGAAGTAATCTTTTCGG
1	E4	ACGTTCACCACAGGCCTT	ATCACGAGGCAGAATTTCAG	TGCCACGCATTGTCCTGT	ACGCGAAGTAATCTTTTCGG
1	E5	AAGGACGCGTGAGAAGGA	ATCACGAGGCAGAATTTCAG	ACGGCGCACATACCTTGT	ACGCGAAGTAATCTTTTCGG
1	E6	TGCGCGTACTGGACTTGA	ATCACGAGGCAGAATTTCAG	TGCCGGTTGCCTTACTGA	ACGCGAAGTAATCTTTTCGG
1	E7	AGAACCGGTTACGTGCCT	ATCACGAGGCAGAATTTCAG	TGTGCCGCGATTGGATCT	ACGCGAAGTAATCTTTTCGG
1	E8	ACGGCAAGGAATGTGTGC	ATCACGAGGCAGAATTTCAG	TTGGCCGCAGAAGAGTGA	ACGCGAAGTAATCTTTTCGG
1	E9	GCAATTGCCGCCATGTGT	ATCACGAGGCAGAATTTCAG	TGCAGCGCAACGAATGAG	ACGCGAAGTAATCTTTTCGG
1	F1	TTGGTGCGCCGGTTAGTT	ATCACGAGGCAGAATTTCAG	AGCGAGCGTTCTCCGTAA	ACGCGAAGTAATCTTTTCGG
1	F10	ATGCAGTCAACGCTCCGA	ATCACGAGGCAGAATTTCAG	TTCACTGCGGTGGAGGTT	ACGCGAAGTAATCTTTTCGG
1	F11	AGCTCTCGCGGTGTCAAT	ATCACGAGGCAGAATTTCAG	TTGCACACCGCCTCTAGT	ACGCGAAGTAATCTTTTCGG
1	F12	GCCAACAAGTAGCGCGAA	ATCACGAGGCAGAATTTCAG	TGTTGTGCGAGGCCTCTA	ACGCGAAGTAATCTTTTCGG
1	F2	ACGCGGCTCTTCTACACA	ATCACGAGGCAGAATTTCAG	ACGTCCTGCGGAACTCTT	ACGCGAAGTAATCTTTTCGG
1	F3	TGACCAGGCGAACCAAGT	ATCACGAGGCAGAATTTCAG	AGTCGCGCCATGTAGCTT	ACGCGAAGTAATCTTTTCGG
1	F4	ACGTTCACCACAGGCCTT	ATCACGAGGCAGAATTTCAG	GCTTCGTACGAGCATGCA	ACGCGAAGTAATCTTTTCGG
1	F5	AAGGACGCGTGAGAAGGA	ATCACGAGGCAGAATTTCAG	ACGCGCGAATATCGGACA	ACGCGAAGTAATCTTTTCGG
1	F6	TGCGCGTACTGGACTTGA	ATCACGAGGCAGAATTTCAG	TAAGCGGCGCCTAACCAT	ACGCGAAGTAATCTTTTCGG
1	F7	AGAACCGGTTACGTGCCT	ATCACGAGGCAGAATTTCAG	ACGCATCGGAGTGCAAGA	ACGCGAAGTAATCTTTTCGG
1	F8	ACGGCAAGGAATGTGTGC	ATCACGAGGCAGAATTTCAG	CGGCGCGTTGAATCATGT	ACGCGAAGTAATCTTTTCGG
1	F9	GCAATTGCCGCCATGTGT	ATCACGAGGCAGAATTTCAG	CGATGCGCTTCGTCTAGT	ACGCGAAGTAATCTTTTCGG
1	G1	TGGAATGGCGTCCGCTAA	ATCACGAGGCAGAATTTCAG	TCGGAGGTTCGTGAGACA	ACGCGAAGTAATCTTTTCGG
1	G10	ACATCAGCCGAGTACGCT	ATCACGAGGCAGAATTTCAG	ACCGCAAGCAGCCATGTA	ACGCGAAGTAATCTTTTCGG
1	G11	AATCGCCGCTCGCAGTTA	ATCACGAGGCAGAATTTCAG	ACCACCACACGCTTAGGA	ACGCGAAGTAATCTTTTCGG
1	G12	TCCGAACCGCATGACACT	ATCACGAGGCAGAATTTCAG	TCACGCAACTGAGGCCTA	ACGCGAAGTAATCTTTTCGG
1	G2	AGCTGGTGCCACAGAGAA	ATCACGAGGCAGAATTTCAG	AGGCAATCGCTAGGAGCT	ACGCGAAGTAATCTTTTCGG
1	G3	TTCCGCCGAGCCTCTTAA	ATCACGAGGCAGAATTTCAG	TCGTGCATGCCACTAGGA	ACGCGAAGTAATCTTTTCGG
1	G4	TGTGCCTTCGCTAAGCCA	ATCACGAGGCAGAATTTCAG	TGCCACGCATTGTCCTGT	ACGCGAAGTAATCTTTTCGG
1	G5	AACCGTGGATTGGCACGT	ATCACGAGGCAGAATTTCAG	ACGGCGCACATACCTTGT	ACGCGAAGTAATCTTTTCGG
1	G6	GCGCGCAGTCCTTAATCT	ATCACGAGGCAGAATTTCAG	TGCCGGTTGCCTTACTGA	ACGCGAAGTAATCTTTTCGG
1	G7	ACAGCCTTGCTCGCTACT	ATCACGAGGCAGAATTTCAG	TGTGCCGCGATTGGATCT	ACGCGAAGTAATCTTTTCGG
1	G8	TGCCGGTGGAGAATTGGT	ATCACGAGGCAGAATTTCAG	TTGGCCGCAGAAGAGTGA	ACGCGAAGTAATCTTTTCGG
1	G9	TCGCGCGGCAAGTTCATA	ATCACGAGGCAGAATTTCAG	TGCAGCGCAACGAATGAG	ACGCGAAGTAATCTTTTCGG
1	H1	TGGAATGGCGTCCGCTAA	ATCACGAGGCAGAATTTCAG	AGCGAGCGTTCTCCGTAA	ACGCGAAGTAATCTTTTCGG
1	H10	ACATCAGCCGAGTACGCT	ATCACGAGGCAGAATTTCAG	TTCACTGCGGTGGAGGTT	ACGCGAAGTAATCTTTTCGG
1	H11	AATCGCCGCTCGCAGTTA	ATCACGAGGCAGAATTTCAG	TTGCACACCGCCTCTAGT	ACGCGAAGTAATCTTTTCGG
1	H12	TCCGAACCGCATGACACT	ATCACGAGGCAGAATTTCAG	TGTTGTGCGAGGCCTCTA	ACGCGAAGTAATCTTTTCGG
1	H2	AGCTGGTGCCACAGAGAA	ATCACGAGGCAGAATTTCAG	ACGTCCTGCGGAACTCTT	ACGCGAAGTAATCTTTTCGG
1	H3	TTCCGCCGAGCCTCTTAA	ATCACGAGGCAGAATTTCAG	AGTCGCGCCATGTAGCTT	ACGCGAAGTAATCTTTTCGG
1	H4	TGTGCCTTCGCTAAGCCA	ATCACGAGGCAGAATTTCAG	GCTTCGTACGAGCATGCA	ACGCGAAGTAATCTTTTCGG
1	H5	AACCGTGGATTGGCACGT	ATCACGAGGCAGAATTTCAG	ACGCGCGAATATCGGACA	ACGCGAAGTAATCTTTTCGG
1	H6	GCGCGCAGTCCTTAATCT	ATCACGAGGCAGAATTTCAG	TAAGCGGCGCCTAACCAT	ACGCGAAGTAATCTTTTCGG
1	H7	ACAGCCTTGCTCGCTACT	ATCACGAGGCAGAATTTCAG	ACGCATCGGAGTGCAAGA	ACGCGAAGTAATCTTTTCGG
1	H8	TGCCGGTGGAGAATTGGT	ATCACGAGGCAGAATTTCAG	CGGCGCGTTGAATCATGT	ACGCGAAGTAATCTTTTCGG
1	H9	TCGCGCGGCAAGTTCATA	ATCACGAGGCAGAATTTCAG	CGATGCGCTTCGTCTAGT	ACGCGAAGTAATCTTTTCGG
2	A1	ACGCGGCTCTTCTACACA	ATCACGAGGCAGAATTTCAG	TCGGAGGTTCGTGAGACA	ACGCGAAGTAATCTTTTCGG
2	A10	AGCTCTCGCGGTGTCAAT	ATCACGAGGCAGAATTTCAG	ACCGCAAGCAGCCATGTA	ACGCGAAGTAATCTTTTCGG
2	A11	GCCAACAAGTAGCGCGAA	ATCACGAGGCAGAATTTCAG	ACCACCACACGCTTAGGA	ACGCGAAGTAATCTTTTCGG
2	A12	TTGGTGCGCCGGTTAGTT	ATCACGAGGCAGAATTTCAG	TCACGCAACTGAGGCCTA	ACGCGAAGTAATCTTTTCGG
2	A2	TGACCAGGCGAACCAAGT	ATCACGAGGCAGAATTTCAG	AGGCAATCGCTAGGAGCT	ACGCGAAGTAATCTTTTCGG
2	A3	ACGTTCACCACAGGCCTT	ATCACGAGGCAGAATTTCAG	TCGTGCATGCCACTAGGA	ACGCGAAGTAATCTTTTCGG
2	A4	AAGGACGCGTGAGAAGGA	ATCACGAGGCAGAATTTCAG	TGCCACGCATTGTCCTGT	ACGCGAAGTAATCTTTTCGG
2	A5	TGCGCGTACTGGACTTGA	ATCACGAGGCAGAATTTCAG	ACGGCGCACATACCTTGT	ACGCGAAGTAATCTTTTCGG
2	A6	AGAACCGGTTACGTGCCT	ATCACGAGGCAGAATTTCAG	TGCCGGTTGCCTTACTGA	ACGCGAAGTAATCTTTTCGG
2	A7	ACGGCAAGGAATGTGTGC	ATCACGAGGCAGAATTTCAG	TGTGCCGCGATTGGATCT	ACGCGAAGTAATCTTTTCGG
2	A8	GCAATTGCCGCCATGTGT	ATCACGAGGCAGAATTTCAG	TTGGCCGCAGAAGAGTGA	ACGCGAAGTAATCTTTTCGG
2	A9	ATGCAGTCAACGCTCCGA	ATCACGAGGCAGAATTTCAG	TGCAGCGCAACGAATGAG	ACGCGAAGTAATCTTTTCGG
2	B1	ACGCGGCTCTTCTACACA	ATCACGAGGCAGAATTTCAG	AGCGAGCGTTCTCCGTAA	ACGCGAAGTAATCTTTTCGG
2	B10	AGCTCTCGCGGTGTCAAT	ATCACGAGGCAGAATTTCAG	TTCACTGCGGTGGAGGTT	ACGCGAAGTAATCTTTTCGG
2	B11	GCCAACAAGTAGCGCGAA	ATCACGAGGCAGAATTTCAG	TTGCACACCGCCTCTAGT	ACGCGAAGTAATCTTTTCGG
2	B12	TTGGTGCGCCGGTTAGTT	ATCACGAGGCAGAATTTCAG	TGTTGTGCGAGGCCTCTA	ACGCGAAGTAATCTTTTCGG
2	B2	TGACCAGGCGAACCAAGT	ATCACGAGGCAGAATTTCAG	ACGTCCTGCGGAACTCTT	ACGCGAAGTAATCTTTTCGG
2	B3	ACGTTCACCACAGGCCTT	ATCACGAGGCAGAATTTCAG	AGTCGCGCCATGTAGCTT	ACGCGAAGTAATCTTTTCGG
2	B4	AAGGACGCGTGAGAAGGA	ATCACGAGGCAGAATTTCAG	GCTTCGTACGAGCATGCA	ACGCGAAGTAATCTTTTCGG
2	B5	TGCGCGTACTGGACTTGA	ATCACGAGGCAGAATTTCAG	ACGCGCGAATATCGGACA	ACGCGAAGTAATCTTTTCGG
2	B6	AGAACCGGTTACGTGCCT	ATCACGAGGCAGAATTTCAG	TAAGCGGCGCCTAACCAT	ACGCGAAGTAATCTTTTCGG
2	B7	ACGGCAAGGAATGTGTGC	ATCACGAGGCAGAATTTCAG	ACGCATCGGAGTGCAAGA	ACGCGAAGTAATCTTTTCGG
2	B8	GCAATTGCCGCCATGTGT	ATCACGAGGCAGAATTTCAG	CGGCGCGTTGAATCATGT	ACGCGAAGTAATCTTTTCGG
2	B9	ATGCAGTCAACGCTCCGA	ATCACGAGGCAGAATTTCAG	CGATGCGCTTCGTCTAGT	ACGCGAAGTAATCTTTTCGG
2	C1	AGCTGGTGCCACAGAGAA	ATCACGAGGCAGAATTTCAG	TCGGAGGTTCGTGAGACA	ACGCGAAGTAATCTTTTCGG
2	C10	AATCGCCGCTCGCAGTTA	ATCACGAGGCAGAATTTCAG	ACCGCAAGCAGCCATGTA	ACGCGAAGTAATCTTTTCGG
2	C11	TCCGAACCGCATGACACT	ATCACGAGGCAGAATTTCAG	ACCACCACACGCTTAGGA	ACGCGAAGTAATCTTTTCGG
2	C12	TGGAATGGCGTCCGCTAA	ATCACGAGGCAGAATTTCAG	TCACGCAACTGAGGCCTA	ACGCGAAGTAATCTTTTCGG
2	C2	TTCCGCCGAGCCTCTTAA	ATCACGAGGCAGAATTTCAG	AGGCAATCGCTAGGAGCT	ACGCGAAGTAATCTTTTCGG
2	C3	TGTGCCTTCGCTAAGCCA	ATCACGAGGCAGAATTTCAG	TCGTGCATGCCACTAGGA	ACGCGAAGTAATCTTTTCGG
2	C4	AACCGTGGATTGGCACGT	ATCACGAGGCAGAATTTCAG	TGCCACGCATTGTCCTGT	ACGCGAAGTAATCTTTTCGG
2	C5	GCGCGCAGTCCTTAATCT	ATCACGAGGCAGAATTTCAG	ACGGCGCACATACCTTGT	ACGCGAAGTAATCTTTTCGG
2	C6	ACAGCCTTGCTCGCTACT	ATCACGAGGCAGAATTTCAG	TGCCGGTTGCCTTACTGA	ACGCGAAGTAATCTTTTCGG
2	C7	TGCCGGTGGAGAATTGGT	ATCACGAGGCAGAATTTCAG	TGTGCCGCGATTGGATCT	ACGCGAAGTAATCTTTTCGG
2	C8	TCGCGCGGCAAGTTCATA	ATCACGAGGCAGAATTTCAG	TTGGCCGCAGAAGAGTGA	ACGCGAAGTAATCTTTTCGG
2	C9	ACATCAGCCGAGTACGCT	ATCACGAGGCAGAATTTCAG	TGCAGCGCAACGAATGAG	ACGCGAAGTAATCTTTTCGG
2	D1	AGCTGGTGCCACAGAGAA	ATCACGAGGCAGAATTTCAG	AGCGAGCGTTCTCCGTAA	ACGCGAAGTAATCTTTTCGG
2	D10	AATCGCCGCTCGCAGTTA	ATCACGAGGCAGAATTTCAG	TTCACTGCGGTGGAGGTT	ACGCGAAGTAATCTTTTCGG
2	D11	TCCGAACCGCATGACACT	ATCACGAGGCAGAATTTCAG	TTGCACACCGCCTCTAGT	ACGCGAAGTAATCTTTTCGG
2	D12	TGGAATGGCGTCCGCTAA	ATCACGAGGCAGAATTTCAG	TGTTGTGCGAGGCCTCTA	ACGCGAAGTAATCTTTTCGG
2	D2	TTCCGCCGAGCCTCTTAA	ATCACGAGGCAGAATTTCAG	ACGTCCTGCGGAACTCTT	ACGCGAAGTAATCTTTTCGG
2	D3	TGTGCCTTCGCTAAGCCA	ATCACGAGGCAGAATTTCAG	AGTCGCGCCATGTAGCTT	ACGCGAAGTAATCTTTTCGG
2	D4	AACCGTGGATTGGCACGT	ATCACGAGGCAGAATTTCAG	GCTTCGTACGAGCATGCA	ACGCGAAGTAATCTTTTCGG
2	D5	GCGCGCAGTCCTTAATCT	ATCACGAGGCAGAATTTCAG	ACGCGCGAATATCGGACA	ACGCGAAGTAATCTTTTCGG
2	D6	ACAGCCTTGCTCGCTACT	ATCACGAGGCAGAATTTCAG	TAAGCGGCGCCTAACCAT	ACGCGAAGTAATCTTTTCGG
2	D7	TGCCGGTGGAGAATTGGT	ATCACGAGGCAGAATTTCAG	ACGCATCGGAGTGCAAGA	ACGCGAAGTAATCTTTTCGG
2	D8	TCGCGCGGCAAGTTCATA	ATCACGAGGCAGAATTTCAG	CGGCGCGTTGAATCATGT	ACGCGAAGTAATCTTTTCGG
2	D9	ACATCAGCCGAGTACGCT	ATCACGAGGCAGAATTTCAG	CGATGCGCTTCGTCTAGT	ACGCGAAGTAATCTTTTCGG
2	E1	TGACCAGGCGAACCAAGT	ATCACGAGGCAGAATTTCAG	TCGGAGGTTCGTGAGACA	ACGCGAAGTAATCTTTTCGG
2	E10	GCCAACAAGTAGCGCGAA	ATCACGAGGCAGAATTTCAG	ACCGCAAGCAGCCATGTA	ACGCGAAGTAATCTTTTCGG
2	E11	TTGGTGCGCCGGTTAGTT	ATCACGAGGCAGAATTTCAG	ACCACCACACGCTTAGGA	ACGCGAAGTAATCTTTTCGG
2	E12	ACGCGGCTCTTCTACACA	ATCACGAGGCAGAATTTCAG	TCACGCAACTGAGGCCTA	ACGCGAAGTAATCTTTTCGG
2	E2	ACGTTCACCACAGGCCTT	ATCACGAGGCAGAATTTCAG	AGGCAATCGCTAGGAGCT	ACGCGAAGTAATCTTTTCGG
2	E3	AAGGACGCGTGAGAAGGA	ATCACGAGGCAGAATTTCAG	TCGTGCATGCCACTAGGA	ACGCGAAGTAATCTTTTCGG
2	E4	TGCGCGTACTGGACTTGA	ATCACGAGGCAGAATTTCAG	TGCCACGCATTGTCCTGT	ACGCGAAGTAATCTTTTCGG
2	E5	AGAACCGGTTACGTGCCT	ATCACGAGGCAGAATTTCAG	ACGGCGCACATACCTTGT	ACGCGAAGTAATCTTTTCGG
2	E6	ACGGCAAGGAATGTGTGC	ATCACGAGGCAGAATTTCAG	TGCCGGTTGCCTTACTGA	ACGCGAAGTAATCTTTTCGG
2	E7	GCAATTGCCGCCATGTGT	ATCACGAGGCAGAATTTCAG	TGTGCCGCGATTGGATCT	ACGCGAAGTAATCTTTTCGG
2	E8	ATGCAGTCAACGCTCCGA	ATCACGAGGCAGAATTTCAG	TTGGCCGCAGAAGAGTGA	ACGCGAAGTAATCTTTTCGG
2	E9	AGCTCTCGCGGTGTCAAT	ATCACGAGGCAGAATTTCAG	TGCAGCGCAACGAATGAG	ACGCGAAGTAATCTTTTCGG
2	F1	TGACCAGGCGAACCAAGT	ATCACGAGGCAGAATTTCAG	AGCGAGCGTTCTCCGTAA	ACGCGAAGTAATCTTTTCGG
2	F10	GCCAACAAGTAGCGCGAA	ATCACGAGGCAGAATTTCAG	TTCACTGCGGTGGAGGTT	ACGCGAAGTAATCTTTTCGG
2	F11	TTGGTGCGCCGGTTAGTT	ATCACGAGGCAGAATTTCAG	TTGCACACCGCCTCTAGT	ACGCGAAGTAATCTTTTCGG
2	F12	ACGCGGCTCTTCTACACA	ATCACGAGGCAGAATTTCAG	TGTTGTGCGAGGCCTCTA	ACGCGAAGTAATCTTTTCGG
2	F2	ACGTTCACCACAGGCCTT	ATCACGAGGCAGAATTTCAG	ACGTCCTGCGGAACTCTT	ACGCGAAGTAATCTTTTCGG
2	F3	AAGGACGCGTGAGAAGGA	ATCACGAGGCAGAATTTCAG	AGTCGCGCCATGTAGCTT	ACGCGAAGTAATCTTTTCGG
2	F4	TGCGCGTACTGGACTTGA	ATCACGAGGCAGAATTTCAG	GCTTCGTACGAGCATGCA	ACGCGAAGTAATCTTTTCGG
2	F5	AGAACCGGTTACGTGCCT	ATCACGAGGCAGAATTTCAG	ACGCGCGAATATCGGACA	ACGCGAAGTAATCTTTTCGG
2	F6	ACGGCAAGGAATGTGTGC	ATCACGAGGCAGAATTTCAG	TAAGCGGCGCCTAACCAT	ACGCGAAGTAATCTTTTCGG
2	F7	GCAATTGCCGCCATGTGT	ATCACGAGGCAGAATTTCAG	ACGCATCGGAGTGCAAGA	ACGCGAAGTAATCTTTTCGG
2	F8	ATGCAGTCAACGCTCCGA	ATCACGAGGCAGAATTTCAG	CGGCGCGTTGAATCATGT	ACGCGAAGTAATCTTTTCGG
2	F9	AGCTCTCGCGGTGTCAAT	ATCACGAGGCAGAATTTCAG	CGATGCGCTTCGTCTAGT	ACGCGAAGTAATCTTTTCGG
2	G1	TTCCGCCGAGCCTCTTAA	ATCACGAGGCAGAATTTCAG	TCGGAGGTTCGTGAGACA	ACGCGAAGTAATCTTTTCGG
2	G10	TCCGAACCGCATGACACT	ATCACGAGGCAGAATTTCAG	ACCGCAAGCAGCCATGTA	ACGCGAAGTAATCTTTTCGG
2	G11	TGGAATGGCGTCCGCTAA	ATCACGAGGCAGAATTTCAG	ACCACCACACGCTTAGGA	ACGCGAAGTAATCTTTTCGG
2	G12	AGCTGGTGCCACAGAGAA	ATCACGAGGCAGAATTTCAG	TCACGCAACTGAGGCCTA	ACGCGAAGTAATCTTTTCGG
2	G2	TGTGCCTTCGCTAAGCCA	ATCACGAGGCAGAATTTCAG	AGGCAATCGCTAGGAGCT	ACGCGAAGTAATCTTTTCGG
2	G3	AACCGTGGATTGGCACGT	ATCACGAGGCAGAATTTCAG	TCGTGCATGCCACTAGGA	ACGCGAAGTAATCTTTTCGG
2	G4	GCGCGCAGTCCTTAATCT	ATCACGAGGCAGAATTTCAG	TGCCACGCATTGTCCTGT	ACGCGAAGTAATCTTTTCGG
2	G5	ACAGCCTTGCTCGCTACT	ATCACGAGGCAGAATTTCAG	ACGGCGCACATACCTTGT	ACGCGAAGTAATCTTTTCGG
2	G6	TGCCGGTGGAGAATTGGT	ATCACGAGGCAGAATTTCAG	TGCCGGTTGCCTTACTGA	ACGCGAAGTAATCTTTTCGG
2	G7	TCGCGCGGCAAGTTCATA	ATCACGAGGCAGAATTTCAG	TGTGCCGCGATTGGATCT	ACGCGAAGTAATCTTTTCGG
2	G8	ACATCAGCCGAGTACGCT	ATCACGAGGCAGAATTTCAG	TTGGCCGCAGAAGAGTGA	ACGCGAAGTAATCTTTTCGG
2	G9	AATCGCCGCTCGCAGTTA	ATCACGAGGCAGAATTTCAG	TGCAGCGCAACGAATGAG	ACGCGAAGTAATCTTTTCGG
2	H1	TTCCGCCGAGCCTCTTAA	ATCACGAGGCAGAATTTCAG	AGCGAGCGTTCTCCGTAA	ACGCGAAGTAATCTTTTCGG
2	H10	TCCGAACCGCATGACACT	ATCACGAGGCAGAATTTCAG	TTCACTGCGGTGGAGGTT	ACGCGAAGTAATCTTTTCGG
2	H11	TGGAATGGCGTCCGCTAA	ATCACGAGGCAGAATTTCAG	TTGCACACCGCCTCTAGT	ACGCGAAGTAATCTTTTCGG
2	H12	AGCTGGTGCCACAGAGAA	ATCACGAGGCAGAATTTCAG	TGTTGTGCGAGGCCTCTA	ACGCGAAGTAATCTTTTCGG
2	H2	TGTGCCTTCGCTAAGCCA	ATCACGAGGCAGAATTTCAG	ACGTCCTGCGGAACTCTT	ACGCGAAGTAATCTTTTCGG
2	H3	AACCGTGGATTGGCACGT	ATCACGAGGCAGAATTTCAG	AGTCGCGCCATGTAGCTT	ACGCGAAGTAATCTTTTCGG
2	H4	GCGCGCAGTCCTTAATCT	ATCACGAGGCAGAATTTCAG	GCTTCGTACGAGCATGCA	ACGCGAAGTAATCTTTTCGG
2	H5	ACAGCCTTGCTCGCTACT	ATCACGAGGCAGAATTTCAG	ACGCGCGAATATCGGACA	ACGCGAAGTAATCTTTTCGG
2	H6	TGCCGGTGGAGAATTGGT	ATCACGAGGCAGAATTTCAG	TAAGCGGCGCCTAACCAT	ACGCGAAGTAATCTTTTCGG
2	H7	TCGCGCGGCAAGTTCATA	ATCACGAGGCAGAATTTCAG	ACGCATCGGAGTGCAAGA	ACGCGAAGTAATCTTTTCGG
2	H8	ACATCAGCCGAGTACGCT	ATCACGAGGCAGAATTTCAG	CGGCGCGTTGAATCATGT	ACGCGAAGTAATCTTTTCGG
2	H9	AATCGCCGCTCGCAGTTA	ATCACGAGGCAGAATTTCAG	CGATGCGCTTCGTCTAGT	ACGCGAAGTAATCTTTTCGG
3	A1	ACGTTCACCACAGGCCTT	ATCACGAGGCAGAATTTCAG	TCGGAGGTTCGTGAGACA	ACGCGAAGTAATCTTTTCGG
3	A10	TTGGTGCGCCGGTTAGTT	ATCACGAGGCAGAATTTCAG	ACCGCAAGCAGCCATGTA	ACGCGAAGTAATCTTTTCGG
3	A11	ACGCGGCTCTTCTACACA	ATCACGAGGCAGAATTTCAG	ACCACCACACGCTTAGGA	ACGCGAAGTAATCTTTTCGG
3	A12	TGACCAGGCGAACCAAGT	ATCACGAGGCAGAATTTCAG	TCACGCAACTGAGGCCTA	ACGCGAAGTAATCTTTTCGG
3	A2	AAGGACGCGTGAGAAGGA	ATCACGAGGCAGAATTTCAG	AGGCAATCGCTAGGAGCT	ACGCGAAGTAATCTTTTCGG
3	A3	TGCGCGTACTGGACTTGA	ATCACGAGGCAGAATTTCAG	TCGTGCATGCCACTAGGA	ACGCGAAGTAATCTTTTCGG
3	A4	AGAACCGGTTACGTGCCT	ATCACGAGGCAGAATTTCAG	TGCCACGCATTGTCCTGT	ACGCGAAGTAATCTTTTCGG
3	A5	ACGGCAAGGAATGTGTGC	ATCACGAGGCAGAATTTCAG	ACGGCGCACATACCTTGT	ACGCGAAGTAATCTTTTCGG
3	A6	GCAATTGCCGCCATGTGT	ATCACGAGGCAGAATTTCAG	TGCCGGTTGCCTTACTGA	ACGCGAAGTAATCTTTTCGG
3	A7	ATGCAGTCAACGCTCCGA	ATCACGAGGCAGAATTTCAG	TGTGCCGCGATTGGATCT	ACGCGAAGTAATCTTTTCGG
3	A8	AGCTCTCGCGGTGTCAAT	ATCACGAGGCAGAATTTCAG	TTGGCCGCAGAAGAGTGA	ACGCGAAGTAATCTTTTCGG
3	A9	GCCAACAAGTAGCGCGAA	ATCACGAGGCAGAATTTCAG	TGCAGCGCAACGAATGAG	ACGCGAAGTAATCTTTTCGG
3	B1	ACGTTCACCACAGGCCTT	ATCACGAGGCAGAATTTCAG	AGCGAGCGTTCTCCGTAA	ACGCGAAGTAATCTTTTCGG
3	B10	TTGGTGCGCCGGTTAGTT	ATCACGAGGCAGAATTTCAG	TTCACTGCGGTGGAGGTT	ACGCGAAGTAATCTTTTCGG
3	B11	ACGCGGCTCTTCTACACA	ATCACGAGGCAGAATTTCAG	TTGCACACCGCCTCTAGT	ACGCGAAGTAATCTTTTCGG
3	B12	TGACCAGGCGAACCAAGT	ATCACGAGGCAGAATTTCAG	TGTTGTGCGAGGCCTCTA	ACGCGAAGTAATCTTTTCGG
3	B2	AAGGACGCGTGAGAAGGA	ATCACGAGGCAGAATTTCAG	ACGTCCTGCGGAACTCTT	ACGCGAAGTAATCTTTTCGG
3	B3	TGCGCGTACTGGACTTGA	ATCACGAGGCAGAATTTCAG	AGTCGCGCCATGTAGCTT	ACGCGAAGTAATCTTTTCGG
3	B4	AGAACCGGTTACGTGCCT	ATCACGAGGCAGAATTTCAG	GCTTCGTACGAGCATGCA	ACGCGAAGTAATCTTTTCGG
3	B5	ACGGCAAGGAATGTGTGC	ATCACGAGGCAGAATTTCAG	ACGCGCGAATATCGGACA	ACGCGAAGTAATCTTTTCGG
3	B6	GCAATTGCCGCCATGTGT	ATCACGAGGCAGAATTTCAG	TAAGCGGCGCCTAACCAT	ACGCGAAGTAATCTTTTCGG
3	B7	ATGCAGTCAACGCTCCGA	ATCACGAGGCAGAATTTCAG	ACGCATCGGAGTGCAAGA	ACGCGAAGTAATCTTTTCGG
3	B8	AGCTCTCGCGGTGTCAAT	ATCACGAGGCAGAATTTCAG	CGGCGCGTTGAATCATGT	ACGCGAAGTAATCTTTTCGG
3	B9	GCCAACAAGTAGCGCGAA	ATCACGAGGCAGAATTTCAG	CGATGCGCTTCGTCTAGT	ACGCGAAGTAATCTTTTCGG
3	C1	TGTGCCTTCGCTAAGCCA	ATCACGAGGCAGAATTTCAG	TCGGAGGTTCGTGAGACA	ACGCGAAGTAATCTTTTCGG
3	C10	TGGAATGGCGTCCGCTAA	ATCACGAGGCAGAATTTCAG	ACCGCAAGCAGCCATGTA	ACGCGAAGTAATCTTTTCGG
3	C11	AGCTGGTGCCACAGAGAA	ATCACGAGGCAGAATTTCAG	ACCACCACACGCTTAGGA	ACGCGAAGTAATCTTTTCGG
3	C12	TTCCGCCGAGCCTCTTAA	ATCACGAGGCAGAATTTCAG	TCACGCAACTGAGGCCTA	ACGCGAAGTAATCTTTTCGG
3	C2	AACCGTGGATTGGCACGT	ATCACGAGGCAGAATTTCAG	AGGCAATCGCTAGGAGCT	ACGCGAAGTAATCTTTTCGG
3	C3	GCGCGCAGTCCTTAATCT	ATCACGAGGCAGAATTTCAG	TCGTGCATGCCACTAGGA	ACGCGAAGTAATCTTTTCGG
3	C4	ACAGCCTTGCTCGCTACT	ATCACGAGGCAGAATTTCAG	TGCCACGCATTGTCCTGT	ACGCGAAGTAATCTTTTCGG
3	C5	TGCCGGTGGAGAATTGGT	ATCACGAGGCAGAATTTCAG	ACGGCGCACATACCTTGT	ACGCGAAGTAATCTTTTCGG
3	C6	TCGCGCGGCAAGTTCATA	ATCACGAGGCAGAATTTCAG	TGCCGGTTGCCTTACTGA	ACGCGAAGTAATCTTTTCGG
3	C7	ACATCAGCCGAGTACGCT	ATCACGAGGCAGAATTTCAG	TGTGCCGCGATTGGATCT	ACGCGAAGTAATCTTTTCGG
3	C8	AATCGCCGCTCGCAGTTA	ATCACGAGGCAGAATTTCAG	TTGGCCGCAGAAGAGTGA	ACGCGAAGTAATCTTTTCGG
3	C9	TCCGAACCGCATGACACT	ATCACGAGGCAGAATTTCAG	TGCAGCGCAACGAATGAG	ACGCGAAGTAATCTTTTCGG
3	D1	TGTGCCTTCGCTAAGCCA	ATCACGAGGCAGAATTTCAG	AGCGAGCGTTCTCCGTAA	ACGCGAAGTAATCTTTTCGG
3	D10	TGGAATGGCGTCCGCTAA	ATCACGAGGCAGAATTTCAG	TTCACTGCGGTGGAGGTT	ACGCGAAGTAATCTTTTCGG
3	D11	AGCTGGTGCCACAGAGAA	ATCACGAGGCAGAATTTCAG	TTGCACACCGCCTCTAGT	ACGCGAAGTAATCTTTTCGG
3	D12	TTCCGCCGAGCCTCTTAA	ATCACGAGGCAGAATTTCAG	TGTTGTGCGAGGCCTCTA	ACGCGAAGTAATCTTTTCGG
3	D2	AACCGTGGATTGGCACGT	ATCACGAGGCAGAATTTCAG	ACGTCCTGCGGAACTCTT	ACGCGAAGTAATCTTTTCGG
3	D3	GCGCGCAGTCCTTAATCT	ATCACGAGGCAGAATTTCAG	AGTCGCGCCATGTAGCTT	ACGCGAAGTAATCTTTTCGG
3	D4	ACAGCCTTGCTCGCTACT	ATCACGAGGCAGAATTTCAG	GCTTCGTACGAGCATGCA	ACGCGAAGTAATCTTTTCGG
3	D5	TGCCGGTGGAGAATTGGT	ATCACGAGGCAGAATTTCAG	ACGCGCGAATATCGGACA	ACGCGAAGTAATCTTTTCGG
3	D6	TCGCGCGGCAAGTTCATA	ATCACGAGGCAGAATTTCAG	TAAGCGGCGCCTAACCAT	ACGCGAAGTAATCTTTTCGG
3	D7	ACATCAGCCGAGTACGCT	ATCACGAGGCAGAATTTCAG	ACGCATCGGAGTGCAAGA	ACGCGAAGTAATCTTTTCGG
3	D8	AATCGCCGCTCGCAGTTA	ATCACGAGGCAGAATTTCAG	CGGCGCGTTGAATCATGT	ACGCGAAGTAATCTTTTCGG
3	D9	TCCGAACCGCATGACACT	ATCACGAGGCAGAATTTCAG	CGATGCGCTTCGTCTAGT	ACGCGAAGTAATCTTTTCGG
3	E1	AAGGACGCGTGAGAAGGA	ATCACGAGGCAGAATTTCAG	TCGGAGGTTCGTGAGACA	ACGCGAAGTAATCTTTTCGG
3	E10	ACGCGGCTCTTCTACACA	ATCACGAGGCAGAATTTCAG	ACCGCAAGCAGCCATGTA	ACGCGAAGTAATCTTTTCGG
3	E11	TGACCAGGCGAACCAAGT	ATCACGAGGCAGAATTTCAG	ACCACCACACGCTTAGGA	ACGCGAAGTAATCTTTTCGG
3	E12	ACGTTCACCACAGGCCTT	ATCACGAGGCAGAATTTCAG	TCACGCAACTGAGGCCTA	ACGCGAAGTAATCTTTTCGG
3	E2	TGCGCGTACTGGACTTGA	ATCACGAGGCAGAATTTCAG	AGGCAATCGCTAGGAGCT	ACGCGAAGTAATCTTTTCGG
3	E3	AGAACCGGTTACGTGCCT	ATCACGAGGCAGAATTTCAG	TCGTGCATGCCACTAGGA	ACGCGAAGTAATCTTTTCGG
3	E4	ACGGCAAGGAATGTGTGC	ATCACGAGGCAGAATTTCAG	TGCCACGCATTGTCCTGT	ACGCGAAGTAATCTTTTCGG
3	E5	GCAATTGCCGCCATGTGT	ATCACGAGGCAGAATTTCAG	ACGGCGCACATACCTTGT	ACGCGAAGTAATCTTTTCGG
3	E6	ATGCAGTCAACGCTCCGA	ATCACGAGGCAGAATTTCAG	TGCCGGTTGCCTTACTGA	ACGCGAAGTAATCTTTTCGG
3	E7	AGCTCTCGCGGTGTCAAT	ATCACGAGGCAGAATTTCAG	TGTGCCGCGATTGGATCT	ACGCGAAGTAATCTTTTCGG
3	E8	GCCAACAAGTAGCGCGAA	ATCACGAGGCAGAATTTCAG	TTGGCCGCAGAAGAGTGA	ACGCGAAGTAATCTTTTCGG
3	E9	TTGGTGCGCCGGTTAGTT	ATCACGAGGCAGAATTTCAG	TGCAGCGCAACGAATGAG	ACGCGAAGTAATCTTTTCGG
3	F1	AAGGACGCGTGAGAAGGA	ATCACGAGGCAGAATTTCAG	AGCGAGCGTTCTCCGTAA	ACGCGAAGTAATCTTTTCGG
3	F10	ACGCGGCTCTTCTACACA	ATCACGAGGCAGAATTTCAG	TTCACTGCGGTGGAGGTT	ACGCGAAGTAATCTTTTCGG
3	F11	TGACCAGGCGAACCAAGT	ATCACGAGGCAGAATTTCAG	TTGCACACCGCCTCTAGT	ACGCGAAGTAATCTTTTCGG
3	F12	ACGTTCACCACAGGCCTT	ATCACGAGGCAGAATTTCAG	TGTTGTGCGAGGCCTCTA	ACGCGAAGTAATCTTTTCGG
3	F2	TGCGCGTACTGGACTTGA	ATCACGAGGCAGAATTTCAG	ACGTCCTGCGGAACTCTT	ACGCGAAGTAATCTTTTCGG
3	F3	AGAACCGGTTACGTGCCT	ATCACGAGGCAGAATTTCAG	AGTCGCGCCATGTAGCTT	ACGCGAAGTAATCTTTTCGG
3	F4	ACGGCAAGGAATGTGTGC	ATCACGAGGCAGAATTTCAG	GCTTCGTACGAGCATGCA	ACGCGAAGTAATCTTTTCGG
3	F5	GCAATTGCCGCCATGTGT	ATCACGAGGCAGAATTTCAG	ACGCGCGAATATCGGACA	ACGCGAAGTAATCTTTTCGG
3	F6	ATGCAGTCAACGCTCCGA	ATCACGAGGCAGAATTTCAG	TAAGCGGCGCCTAACCAT	ACGCGAAGTAATCTTTTCGG
3	F7	AGCTCTCGCGGTGTCAAT	ATCACGAGGCAGAATTTCAG	ACGCATCGGAGTGCAAGA	ACGCGAAGTAATCTTTTCGG
3	F8	GCCAACAAGTAGCGCGAA	ATCACGAGGCAGAATTTCAG	CGGCGCGTTGAATCATGT	ACGCGAAGTAATCTTTTCGG
3	F9	TTGGTGCGCCGGTTAGTT	ATCACGAGGCAGAATTTCAG	CGATGCGCTTCGTCTAGT	ACGCGAAGTAATCTTTTCGG
3	G1	AACCGTGGATTGGCACGT	ATCACGAGGCAGAATTTCAG	TCGGAGGTTCGTGAGACA	ACGCGAAGTAATCTTTTCGG
3	G10	AGCTGGTGCCACAGAGAA	ATCACGAGGCAGAATTTCAG	ACCGCAAGCAGCCATGTA	ACGCGAAGTAATCTTTTCGG
3	G11	TTCCGCCGAGCCTCTTAA	ATCACGAGGCAGAATTTCAG	ACCACCACACGCTTAGGA	ACGCGAAGTAATCTTTTCGG
3	G12	TGTGCCTTCGCTAAGCCA	ATCACGAGGCAGAATTTCAG	TCACGCAACTGAGGCCTA	ACGCGAAGTAATCTTTTCGG
3	G2	GCGCGCAGTCCTTAATCT	ATCACGAGGCAGAATTTCAG	AGGCAATCGCTAGGAGCT	ACGCGAAGTAATCTTTTCGG
3	G3	ACAGCCTTGCTCGCTACT	ATCACGAGGCAGAATTTCAG	TCGTGCATGCCACTAGGA	ACGCGAAGTAATCTTTTCGG
3	G4	TGCCGGTGGAGAATTGGT	ATCACGAGGCAGAATTTCAG	TGCCACGCATTGTCCTGT	ACGCGAAGTAATCTTTTCGG
3	G5	TCGCGCGGCAAGTTCATA	ATCACGAGGCAGAATTTCAG	ACGGCGCACATACCTTGT	ACGCGAAGTAATCTTTTCGG
3	G6	ACATCAGCCGAGTACGCT	ATCACGAGGCAGAATTTCAG	TGCCGGTTGCCTTACTGA	ACGCGAAGTAATCTTTTCGG
3	G7	AATCGCCGCTCGCAGTTA	ATCACGAGGCAGAATTTCAG	TGTGCCGCGATTGGATCT	ACGCGAAGTAATCTTTTCGG
3	G8	TCCGAACCGCATGACACT	ATCACGAGGCAGAATTTCAG	TTGGCCGCAGAAGAGTGA	ACGCGAAGTAATCTTTTCGG
3	G9	TGGAATGGCGTCCGCTAA	ATCACGAGGCAGAATTTCAG	TGCAGCGCAACGAATGAG	ACGCGAAGTAATCTTTTCGG
3	H1	AACCGTGGATTGGCACGT	ATCACGAGGCAGAATTTCAG	AGCGAGCGTTCTCCGTAA	ACGCGAAGTAATCTTTTCGG
3	H10	AGCTGGTGCCACAGAGAA	ATCACGAGGCAGAATTTCAG	TTCACTGCGGTGGAGGTT	ACGCGAAGTAATCTTTTCGG
3	H11	TTCCGCCGAGCCTCTTAA	ATCACGAGGCAGAATTTCAG	TTGCACACCGCCTCTAGT	ACGCGAAGTAATCTTTTCGG
3	H12	TGTGCCTTCGCTAAGCCA	ATCACGAGGCAGAATTTCAG	TGTTGTGCGAGGCCTCTA	ACGCGAAGTAATCTTTTCGG
3	H2	GCGCGCAGTCCTTAATCT	ATCACGAGGCAGAATTTCAG	ACGTCCTGCGGAACTCTT	ACGCGAAGTAATCTTTTCGG
3	H3	ACAGCCTTGCTCGCTACT	ATCACGAGGCAGAATTTCAG	AGTCGCGCCATGTAGCTT	ACGCGAAGTAATCTTTTCGG
3	H4	TGCCGGTGGAGAATTGGT	ATCACGAGGCAGAATTTCAG	GCTTCGTACGAGCATGCA	ACGCGAAGTAATCTTTTCGG
3	H5	TCGCGCGGCAAGTTCATA	ATCACGAGGCAGAATTTCAG	ACGCGCGAATATCGGACA	ACGCGAAGTAATCTTTTCGG
3	H6	ACATCAGCCGAGTACGCT	ATCACGAGGCAGAATTTCAG	TAAGCGGCGCCTAACCAT	ACGCGAAGTAATCTTTTCGG
3	H7	AATCGCCGCTCGCAGTTA	ATCACGAGGCAGAATTTCAG	ACGCATCGGAGTGCAAGA	ACGCGAAGTAATCTTTTCGG
3	H8	TCCGAACCGCATGACACT	ATCACGAGGCAGAATTTCAG	CGGCGCGTTGAATCATGT	ACGCGAAGTAATCTTTTCGG
3	H9	TGGAATGGCGTCCGCTAA	ATCACGAGGCAGAATTTCAG	CGATGCGCTTCGTCTAGT	ACGCGAAGTAATCTTTTCGG
4	A1	TGCGCGTACTGGACTTGA	ATCACGAGGCAGAATTTCAG	TCGGAGGTTCGTGAGACA	ACGCGAAGTAATCTTTTCGG
4	A10	TGACCAGGCGAACCAAGT	ATCACGAGGCAGAATTTCAG	ACCGCAAGCAGCCATGTA	ACGCGAAGTAATCTTTTCGG
4	A11	ACGTTCACCACAGGCCTT	ATCACGAGGCAGAATTTCAG	ACCACCACACGCTTAGGA	ACGCGAAGTAATCTTTTCGG
4	A12	AAGGACGCGTGAGAAGGA	ATCACGAGGCAGAATTTCAG	TCACGCAACTGAGGCCTA	ACGCGAAGTAATCTTTTCGG
4	A2	AGAACCGGTTACGTGCCT	ATCACGAGGCAGAATTTCAG	AGGCAATCGCTAGGAGCT	ACGCGAAGTAATCTTTTCGG
4	A3	ACGGCAAGGAATGTGTGC	ATCACGAGGCAGAATTTCAG	TCGTGCATGCCACTAGGA	ACGCGAAGTAATCTTTTCGG
4	A4	GCAATTGCCGCCATGTGT	ATCACGAGGCAGAATTTCAG	TGCCACGCATTGTCCTGT	ACGCGAAGTAATCTTTTCGG
4	A5	ATGCAGTCAACGCTCCGA	ATCACGAGGCAGAATTTCAG	ACGGCGCACATACCTTGT	ACGCGAAGTAATCTTTTCGG
4	A6	AGCTCTCGCGGTGTCAAT	ATCACGAGGCAGAATTTCAG	TGCCGGTTGCCTTACTGA	ACGCGAAGTAATCTTTTCGG
4	A7	GCCAACAAGTAGCGCGAA	ATCACGAGGCAGAATTTCAG	TGTGCCGCGATTGGATCT	ACGCGAAGTAATCTTTTCGG
4	A8	TTGGTGCGCCGGTTAGTT	ATCACGAGGCAGAATTTCAG	TTGGCCGCAGAAGAGTGA	ACGCGAAGTAATCTTTTCGG
4	A9	ACGCGGCTCTTCTACACA	ATCACGAGGCAGAATTTCAG	TGCAGCGCAACGAATGAG	ACGCGAAGTAATCTTTTCGG
4	B1	TGCGCGTACTGGACTTGA	ATCACGAGGCAGAATTTCAG	AGCGAGCGTTCTCCGTAA	ACGCGAAGTAATCTTTTCGG
4	B10	TGACCAGGCGAACCAAGT	ATCACGAGGCAGAATTTCAG	TTCACTGCGGTGGAGGTT	ACGCGAAGTAATCTTTTCGG
4	B11	ACGTTCACCACAGGCCTT	ATCACGAGGCAGAATTTCAG	TTGCACACCGCCTCTAGT	ACGCGAAGTAATCTTTTCGG
4	B12	AAGGACGCGTGAGAAGGA	ATCACGAGGCAGAATTTCAG	TGTTGTGCGAGGCCTCTA	ACGCGAAGTAATCTTTTCGG
4	B2	AGAACCGGTTACGTGCCT	ATCACGAGGCAGAATTTCAG	ACGTCCTGCGGAACTCTT	ACGCGAAGTAATCTTTTCGG
4	B3	ACGGCAAGGAATGTGTGC	ATCACGAGGCAGAATTTCAG	AGTCGCGCCATGTAGCTT	ACGCGAAGTAATCTTTTCGG
4	B4	GCAATTGCCGCCATGTGT	ATCACGAGGCAGAATTTCAG	GCTTCGTACGAGCATGCA	ACGCGAAGTAATCTTTTCGG
4	B5	ATGCAGTCAACGCTCCGA	ATCACGAGGCAGAATTTCAG	ACGCGCGAATATCGGACA	ACGCGAAGTAATCTTTTCGG
4	B6	AGCTCTCGCGGTGTCAAT	ATCACGAGGCAGAATTTCAG	TAAGCGGCGCCTAACCAT	ACGCGAAGTAATCTTTTCGG
4	B7	GCCAACAAGTAGCGCGAA	ATCACGAGGCAGAATTTCAG	ACGCATCGGAGTGCAAGA	ACGCGAAGTAATCTTTTCGG
4	B8	TTGGTGCGCCGGTTAGTT	ATCACGAGGCAGAATTTCAG	CGGCGCGTTGAATCATGT	ACGCGAAGTAATCTTTTCGG
4	B9	ACGCGGCTCTTCTACACA	ATCACGAGGCAGAATTTCAG	CGATGCGCTTCGTCTAGT	ACGCGAAGTAATCTTTTCGG
4	C1	GCGCGCAGTCCTTAATCT	ATCACGAGGCAGAATTTCAG	TCGGAGGTTCGTGAGACA	ACGCGAAGTAATCTTTTCGG
4	C10	TTCCGCCGAGCCTCTTAA	ATCACGAGGCAGAATTTCAG	ACCGCAAGCAGCCATGTA	ACGCGAAGTAATCTTTTCGG
4	C11	TGTGCCTTCGCTAAGCCA	ATCACGAGGCAGAATTTCAG	ACCACCACACGCTTAGGA	ACGCGAAGTAATCTTTTCGG
4	C12	AACCGTGGATTGGCACGT	ATCACGAGGCAGAATTTCAG	TCACGCAACTGAGGCCTA	ACGCGAAGTAATCTTTTCGG
4	C2	ACAGCCTTGCTCGCTACT	ATCACGAGGCAGAATTTCAG	AGGCAATCGCTAGGAGCT	ACGCGAAGTAATCTTTTCGG
4	C3	TGCCGGTGGAGAATTGGT	ATCACGAGGCAGAATTTCAG	TCGTGCATGCCACTAGGA	ACGCGAAGTAATCTTTTCGG
4	C4	TCGCGCGGCAAGTTCATA	ATCACGAGGCAGAATTTCAG	TGCCACGCATTGTCCTGT	ACGCGAAGTAATCTTTTCGG
4	C5	ACATCAGCCGAGTACGCT	ATCACGAGGCAGAATTTCAG	ACGGCGCACATACCTTGT	ACGCGAAGTAATCTTTTCGG
4	C6	AATCGCCGCTCGCAGTTA	ATCACGAGGCAGAATTTCAG	TGCCGGTTGCCTTACTGA	ACGCGAAGTAATCTTTTCGG
4	C7	TCCGAACCGCATGACACT	ATCACGAGGCAGAATTTCAG	TGTGCCGCGATTGGATCT	ACGCGAAGTAATCTTTTCGG
4	C8	TGGAATGGCGTCCGCTAA	ATCACGAGGCAGAATTTCAG	TTGGCCGCAGAAGAGTGA	ACGCGAAGTAATCTTTTCGG
4	C9	AGCTGGTGCCACAGAGAA	ATCACGAGGCAGAATTTCAG	TGCAGCGCAACGAATGAG	ACGCGAAGTAATCTTTTCGG
4	D1	GCGCGCAGTCCTTAATCT	ATCACGAGGCAGAATTTCAG	AGCGAGCGTTCTCCGTAA	ACGCGAAGTAATCTTTTCGG
4	D10	TTCCGCCGAGCCTCTTAA	ATCACGAGGCAGAATTTCAG	TTCACTGCGGTGGAGGTT	ACGCGAAGTAATCTTTTCGG
4	D11	TGTGCCTTCGCTAAGCCA	ATCACGAGGCAGAATTTCAG	TTGCACACCGCCTCTAGT	ACGCGAAGTAATCTTTTCGG
4	D12	AACCGTGGATTGGCACGT	ATCACGAGGCAGAATTTCAG	TGTTGTGCGAGGCCTCTA	ACGCGAAGTAATCTTTTCGG
4	D2	ACAGCCTTGCTCGCTACT	ATCACGAGGCAGAATTTCAG	ACGTCCTGCGGAACTCTT	ACGCGAAGTAATCTTTTCGG
4	D3	TGCCGGTGGAGAATTGGT	ATCACGAGGCAGAATTTCAG	AGTCGCGCCATGTAGCTT	ACGCGAAGTAATCTTTTCGG
4	D4	TCGCGCGGCAAGTTCATA	ATCACGAGGCAGAATTTCAG	GCTTCGTACGAGCATGCA	ACGCGAAGTAATCTTTTCGG
4	D5	ACATCAGCCGAGTACGCT	ATCACGAGGCAGAATTTCAG	ACGCGCGAATATCGGACA	ACGCGAAGTAATCTTTTCGG
4	D6	AATCGCCGCTCGCAGTTA	ATCACGAGGCAGAATTTCAG	TAAGCGGCGCCTAACCAT	ACGCGAAGTAATCTTTTCGG
4	D7	TCCGAACCGCATGACACT	ATCACGAGGCAGAATTTCAG	ACGCATCGGAGTGCAAGA	ACGCGAAGTAATCTTTTCGG
4	D8	TGGAATGGCGTCCGCTAA	ATCACGAGGCAGAATTTCAG	CGGCGCGTTGAATCATGT	ACGCGAAGTAATCTTTTCGG
4	D9	AGCTGGTGCCACAGAGAA	ATCACGAGGCAGAATTTCAG	CGATGCGCTTCGTCTAGT	ACGCGAAGTAATCTTTTCGG
4	E1	AGAACCGGTTACGTGCCT	ATCACGAGGCAGAATTTCAG	TCGGAGGTTCGTGAGACA	ACGCGAAGTAATCTTTTCGG
4	E10	ACGTTCACCACAGGCCTT	ATCACGAGGCAGAATTTCAG	ACCGCAAGCAGCCATGTA	ACGCGAAGTAATCTTTTCGG
4	E11	AAGGACGCGTGAGAAGGA	ATCACGAGGCAGAATTTCAG	ACCACCACACGCTTAGGA	ACGCGAAGTAATCTTTTCGG
4	E12	TGCGCGTACTGGACTTGA	ATCACGAGGCAGAATTTCAG	TCACGCAACTGAGGCCTA	ACGCGAAGTAATCTTTTCGG
4	E2	ACGGCAAGGAATGTGTGC	ATCACGAGGCAGAATTTCAG	AGGCAATCGCTAGGAGCT	ACGCGAAGTAATCTTTTCGG
4	E3	GCAATTGCCGCCATGTGT	ATCACGAGGCAGAATTTCAG	TCGTGCATGCCACTAGGA	ACGCGAAGTAATCTTTTCGG
4	E4	ATGCAGTCAACGCTCCGA	ATCACGAGGCAGAATTTCAG	TGCCACGCATTGTCCTGT	ACGCGAAGTAATCTTTTCGG
4	E5	AGCTCTCGCGGTGTCAAT	ATCACGAGGCAGAATTTCAG	ACGGCGCACATACCTTGT	ACGCGAAGTAATCTTTTCGG
4	E6	GCCAACAAGTAGCGCGAA	ATCACGAGGCAGAATTTCAG	TGCCGGTTGCCTTACTGA	ACGCGAAGTAATCTTTTCGG
4	E7	TTGGTGCGCCGGTTAGTT	ATCACGAGGCAGAATTTCAG	TGTGCCGCGATTGGATCT	ACGCGAAGTAATCTTTTCGG
4	E8	ACGCGGCTCTTCTACACA	ATCACGAGGCAGAATTTCAG	TTGGCCGCAGAAGAGTGA	ACGCGAAGTAATCTTTTCGG
4	E9	TGACCAGGCGAACCAAGT	ATCACGAGGCAGAATTTCAG	TGCAGCGCAACGAATGAG	ACGCGAAGTAATCTTTTCGG
4	F1	AGAACCGGTTACGTGCCT	ATCACGAGGCAGAATTTCAG	AGCGAGCGTTCTCCGTAA	ACGCGAAGTAATCTTTTCGG
4	F10	ACGTTCACCACAGGCCTT	ATCACGAGGCAGAATTTCAG	TTCACTGCGGTGGAGGTT	ACGCGAAGTAATCTTTTCGG
4	F11	AAGGACGCGTGAGAAGGA	ATCACGAGGCAGAATTTCAG	TTGCACACCGCCTCTAGT	ACGCGAAGTAATCTTTTCGG
4	F12	TGCGCGTACTGGACTTGA	ATCACGAGGCAGAATTTCAG	TGTTGTGCGAGGCCTCTA	ACGCGAAGTAATCTTTTCGG
4	F2	ACGGCAAGGAATGTGTGC	ATCACGAGGCAGAATTTCAG	ACGTCCTGCGGAACTCTT	ACGCGAAGTAATCTTTTCGG
4	F3	GCAATTGCCGCCATGTGT	ATCACGAGGCAGAATTTCAG	AGTCGCGCCATGTAGCTT	ACGCGAAGTAATCTTTTCGG
4	F4	ATGCAGTCAACGCTCCGA	ATCACGAGGCAGAATTTCAG	GCTTCGTACGAGCATGCA	ACGCGAAGTAATCTTTTCGG
4	F5	AGCTCTCGCGGTGTCAAT	ATCACGAGGCAGAATTTCAG	ACGCGCGAATATCGGACA	ACGCGAAGTAATCTTTTCGG
4	F6	GCCAACAAGTAGCGCGAA	ATCACGAGGCAGAATTTCAG	TAAGCGGCGCCTAACCAT	ACGCGAAGTAATCTTTTCGG
4	F7	TTGGTGCGCCGGTTAGTT	ATCACGAGGCAGAATTTCAG	ACGCATCGGAGTGCAAGA	ACGCGAAGTAATCTTTTCGG
4	F8	ACGCGGCTCTTCTACACA	ATCACGAGGCAGAATTTCAG	CGGCGCGTTGAATCATGT	ACGCGAAGTAATCTTTTCGG
4	F9	TGACCAGGCGAACCAAGT	ATCACGAGGCAGAATTTCAG	CGATGCGCTTCGTCTAGT	ACGCGAAGTAATCTTTTCGG
4	G1	ACAGCCTTGCTCGCTACT	ATCACGAGGCAGAATTTCAG	TCGGAGGTTCGTGAGACA	ACGCGAAGTAATCTTTTCGG
4	G10	TGTGCCTTCGCTAAGCCA	ATCACGAGGCAGAATTTCAG	ACCGCAAGCAGCCATGTA	ACGCGAAGTAATCTTTTCGG
4	G11	AACCGTGGATTGGCACGT	ATCACGAGGCAGAATTTCAG	ACCACCACACGCTTAGGA	ACGCGAAGTAATCTTTTCGG
4	G12	GCGCGCAGTCCTTAATCT	ATCACGAGGCAGAATTTCAG	TCACGCAACTGAGGCCTA	ACGCGAAGTAATCTTTTCGG
4	G2	TGCCGGTGGAGAATTGGT	ATCACGAGGCAGAATTTCAG	AGGCAATCGCTAGGAGCT	ACGCGAAGTAATCTTTTCGG
4	G3	TCGCGCGGCAAGTTCATA	ATCACGAGGCAGAATTTCAG	TCGTGCATGCCACTAGGA	ACGCGAAGTAATCTTTTCGG
4	G4	ACATCAGCCGAGTACGCT	ATCACGAGGCAGAATTTCAG	TGCCACGCATTGTCCTGT	ACGCGAAGTAATCTTTTCGG
4	G5	AATCGCCGCTCGCAGTTA	ATCACGAGGCAGAATTTCAG	ACGGCGCACATACCTTGT	ACGCGAAGTAATCTTTTCGG
4	G6	TCCGAACCGCATGACACT	ATCACGAGGCAGAATTTCAG	TGCCGGTTGCCTTACTGA	ACGCGAAGTAATCTTTTCGG
4	G7	TGGAATGGCGTCCGCTAA	ATCACGAGGCAGAATTTCAG	TGTGCCGCGATTGGATCT	ACGCGAAGTAATCTTTTCGG
4	G8	AGCTGGTGCCACAGAGAA	ATCACGAGGCAGAATTTCAG	TTGGCCGCAGAAGAGTGA	ACGCGAAGTAATCTTTTCGG
4	G9	TTCCGCCGAGCCTCTTAA	ATCACGAGGCAGAATTTCAG	TGCAGCGCAACGAATGAG	ACGCGAAGTAATCTTTTCGG
4	H1	ACAGCCTTGCTCGCTACT	ATCACGAGGCAGAATTTCAG	AGCGAGCGTTCTCCGTAA	ACGCGAAGTAATCTTTTCGG
4	H10	TGTGCCTTCGCTAAGCCA	ATCACGAGGCAGAATTTCAG	TTCACTGCGGTGGAGGTT	ACGCGAAGTAATCTTTTCGG
4	H11	AACCGTGGATTGGCACGT	ATCACGAGGCAGAATTTCAG	TTGCACACCGCCTCTAGT	ACGCGAAGTAATCTTTTCGG
4	H12	GCGCGCAGTCCTTAATCT	ATCACGAGGCAGAATTTCAG	TGTTGTGCGAGGCCTCTA	ACGCGAAGTAATCTTTTCGG
4	H2	TGCCGGTGGAGAATTGGT	ATCACGAGGCAGAATTTCAG	ACGTCCTGCGGAACTCTT	ACGCGAAGTAATCTTTTCGG
4	H3	TCGCGCGGCAAGTTCATA	ATCACGAGGCAGAATTTCAG	AGTCGCGCCATGTAGCTT	ACGCGAAGTAATCTTTTCGG
4	H4	ACATCAGCCGAGTACGCT	ATCACGAGGCAGAATTTCAG	GCTTCGTACGAGCATGCA	ACGCGAAGTAATCTTTTCGG
4	H5	AATCGCCGCTCGCAGTTA	ATCACGAGGCAGAATTTCAG	ACGCGCGAATATCGGACA	ACGCGAAGTAATCTTTTCGG
4	H6	TCCGAACCGCATGACACT	ATCACGAGGCAGAATTTCAG	TAAGCGGCGCCTAACCAT	ACGCGAAGTAATCTTTTCGG
4	H7	TGGAATGGCGTCCGCTAA	ATCACGAGGCAGAATTTCAG	ACGCATCGGAGTGCAAGA	ACGCGAAGTAATCTTTTCGG
4	H8	AGCTGGTGCCACAGAGAA	ATCACGAGGCAGAATTTCAG	CGGCGCGTTGAATCATGT	ACGCGAAGTAATCTTTTCGG
4	H9	TTCCGCCGAGCCTCTTAA	ATCACGAGGCAGAATTTCAG	CGATGCGCTTCGTCTAGT	ACGCGAAGTAATCTTTTCGG
5	A1	ACGGCAAGGAATGTGTGC	ATCACGAGGCAGAATTTCAG	TCGGAGGTTCGTGAGACA	ACGCGAAGTAATCTTTTCGG
5	A10	AAGGACGCGTGAGAAGGA	ATCACGAGGCAGAATTTCAG	ACCGCAAGCAGCCATGTA	ACGCGAAGTAATCTTTTCGG
5	A11	TGCGCGTACTGGACTTGA	ATCACGAGGCAGAATTTCAG	ACCACCACACGCTTAGGA	ACGCGAAGTAATCTTTTCGG
5	A12	AGAACCGGTTACGTGCCT	ATCACGAGGCAGAATTTCAG	TCACGCAACTGAGGCCTA	ACGCGAAGTAATCTTTTCGG
5	A2	GCAATTGCCGCCATGTGT	ATCACGAGGCAGAATTTCAG	AGGCAATCGCTAGGAGCT	ACGCGAAGTAATCTTTTCGG
5	A3	ATGCAGTCAACGCTCCGA	ATCACGAGGCAGAATTTCAG	TCGTGCATGCCACTAGGA	ACGCGAAGTAATCTTTTCGG
5	A4	AGCTCTCGCGGTGTCAAT	ATCACGAGGCAGAATTTCAG	TGCCACGCATTGTCCTGT	ACGCGAAGTAATCTTTTCGG
5	A5	GCCAACAAGTAGCGCGAA	ATCACGAGGCAGAATTTCAG	ACGGCGCACATACCTTGT	ACGCGAAGTAATCTTTTCGG
5	A6	TTGGTGCGCCGGTTAGTT	ATCACGAGGCAGAATTTCAG	TGCCGGTTGCCTTACTGA	ACGCGAAGTAATCTTTTCGG
5	A7	ACGCGGCTCTTCTACACA	ATCACGAGGCAGAATTTCAG	TGTGCCGCGATTGGATCT	ACGCGAAGTAATCTTTTCGG
5	A8	TGACCAGGCGAACCAAGT	ATCACGAGGCAGAATTTCAG	TTGGCCGCAGAAGAGTGA	ACGCGAAGTAATCTTTTCGG
5	A9	ACGTTCACCACAGGCCTT	ATCACGAGGCAGAATTTCAG	TGCAGCGCAACGAATGAG	ACGCGAAGTAATCTTTTCGG
5	B1	ACGGCAAGGAATGTGTGC	ATCACGAGGCAGAATTTCAG	AGCGAGCGTTCTCCGTAA	ACGCGAAGTAATCTTTTCGG
5	B10	AAGGACGCGTGAGAAGGA	ATCACGAGGCAGAATTTCAG	TTCACTGCGGTGGAGGTT	ACGCGAAGTAATCTTTTCGG
5	B11	TGCGCGTACTGGACTTGA	ATCACGAGGCAGAATTTCAG	TTGCACACCGCCTCTAGT	ACGCGAAGTAATCTTTTCGG
5	B12	AGAACCGGTTACGTGCCT	ATCACGAGGCAGAATTTCAG	TGTTGTGCGAGGCCTCTA	ACGCGAAGTAATCTTTTCGG
5	B2	GCAATTGCCGCCATGTGT	ATCACGAGGCAGAATTTCAG	ACGTCCTGCGGAACTCTT	ACGCGAAGTAATCTTTTCGG
5	B3	ATGCAGTCAACGCTCCGA	ATCACGAGGCAGAATTTCAG	AGTCGCGCCATGTAGCTT	ACGCGAAGTAATCTTTTCGG
5	B4	AGCTCTCGCGGTGTCAAT	ATCACGAGGCAGAATTTCAG	GCTTCGTACGAGCATGCA	ACGCGAAGTAATCTTTTCGG
5	B5	GCCAACAAGTAGCGCGAA	ATCACGAGGCAGAATTTCAG	ACGCGCGAATATCGGACA	ACGCGAAGTAATCTTTTCGG
5	B6	TTGGTGCGCCGGTTAGTT	ATCACGAGGCAGAATTTCAG	TAAGCGGCGCCTAACCAT	ACGCGAAGTAATCTTTTCGG
5	B7	ACGCGGCTCTTCTACACA	ATCACGAGGCAGAATTTCAG	ACGCATCGGAGTGCAAGA	ACGCGAAGTAATCTTTTCGG
5	B8	TGACCAGGCGAACCAAGT	ATCACGAGGCAGAATTTCAG	CGGCGCGTTGAATCATGT	ACGCGAAGTAATCTTTTCGG
5	B9	ACGTTCACCACAGGCCTT	ATCACGAGGCAGAATTTCAG	CGATGCGCTTCGTCTAGT	ACGCGAAGTAATCTTTTCGG
5	C1	TGCCGGTGGAGAATTGGT	ATCACGAGGCAGAATTTCAG	TCGGAGGTTCGTGAGACA	ACGCGAAGTAATCTTTTCGG
5	C10	AACCGTGGATTGGCACGT	ATCACGAGGCAGAATTTCAG	ACCGCAAGCAGCCATGTA	ACGCGAAGTAATCTTTTCGG
5	C11	GCGCGCAGTCCTTAATCT	ATCACGAGGCAGAATTTCAG	ACCACCACACGCTTAGGA	ACGCGAAGTAATCTTTTCGG
5	C12	ACAGCCTTGCTCGCTACT	ATCACGAGGCAGAATTTCAG	TCACGCAACTGAGGCCTA	ACGCGAAGTAATCTTTTCGG
5	C2	TCGCGCGGCAAGTTCATA	ATCACGAGGCAGAATTTCAG	AGGCAATCGCTAGGAGCT	ACGCGAAGTAATCTTTTCGG
5	C3	ACATCAGCCGAGTACGCT	ATCACGAGGCAGAATTTCAG	TCGTGCATGCCACTAGGA	ACGCGAAGTAATCTTTTCGG
5	C4	AATCGCCGCTCGCAGTTA	ATCACGAGGCAGAATTTCAG	TGCCACGCATTGTCCTGT	ACGCGAAGTAATCTTTTCGG
5	C5	TCCGAACCGCATGACACT	ATCACGAGGCAGAATTTCAG	ACGGCGCACATACCTTGT	ACGCGAAGTAATCTTTTCGG
5	C6	TGGAATGGCGTCCGCTAA	ATCACGAGGCAGAATTTCAG	TGCCGGTTGCCTTACTGA	ACGCGAAGTAATCTTTTCGG
5	C7	AGCTGGTGCCACAGAGAA	ATCACGAGGCAGAATTTCAG	TGTGCCGCGATTGGATCT	ACGCGAAGTAATCTTTTCGG
5	C8	TTCCGCCGAGCCTCTTAA	ATCACGAGGCAGAATTTCAG	TTGGCCGCAGAAGAGTGA	ACGCGAAGTAATCTTTTCGG
5	C9	TGTGCCTTCGCTAAGCCA	ATCACGAGGCAGAATTTCAG	TGCAGCGCAACGAATGAG	ACGCGAAGTAATCTTTTCGG
5	D1	TGCCGGTGGAGAATTGGT	ATCACGAGGCAGAATTTCAG	AGCGAGCGTTCTCCGTAA	ACGCGAAGTAATCTTTTCGG
5	D10	AACCGTGGATTGGCACGT	ATCACGAGGCAGAATTTCAG	TTCACTGCGGTGGAGGTT	ACGCGAAGTAATCTTTTCGG
5	D11	GCGCGCAGTCCTTAATCT	ATCACGAGGCAGAATTTCAG	TTGCACACCGCCTCTAGT	ACGCGAAGTAATCTTTTCGG
5	D12	ACAGCCTTGCTCGCTACT	ATCACGAGGCAGAATTTCAG	TGTTGTGCGAGGCCTCTA	ACGCGAAGTAATCTTTTCGG
5	D2	TCGCGCGGCAAGTTCATA	ATCACGAGGCAGAATTTCAG	ACGTCCTGCGGAACTCTT	ACGCGAAGTAATCTTTTCGG
5	D3	ACATCAGCCGAGTACGCT	ATCACGAGGCAGAATTTCAG	AGTCGCGCCATGTAGCTT	ACGCGAAGTAATCTTTTCGG
5	D4	AATCGCCGCTCGCAGTTA	ATCACGAGGCAGAATTTCAG	GCTTCGTACGAGCATGCA	ACGCGAAGTAATCTTTTCGG
5	D5	TCCGAACCGCATGACACT	ATCACGAGGCAGAATTTCAG	ACGCGCGAATATCGGACA	ACGCGAAGTAATCTTTTCGG
5	D6	TGGAATGGCGTCCGCTAA	ATCACGAGGCAGAATTTCAG	TAAGCGGCGCCTAACCAT	ACGCGAAGTAATCTTTTCGG
5	D7	AGCTGGTGCCACAGAGAA	ATCACGAGGCAGAATTTCAG	ACGCATCGGAGTGCAAGA	ACGCGAAGTAATCTTTTCGG
5	D8	TTCCGCCGAGCCTCTTAA	ATCACGAGGCAGAATTTCAG	CGGCGCGTTGAATCATGT	ACGCGAAGTAATCTTTTCGG
5	D9	TGTGCCTTCGCTAAGCCA	ATCACGAGGCAGAATTTCAG	CGATGCGCTTCGTCTAGT	ACGCGAAGTAATCTTTTCGG
5	E1	GCAATTGCCGCCATGTGT	ATCACGAGGCAGAATTTCAG	TCGGAGGTTCGTGAGACA	ACGCGAAGTAATCTTTTCGG
5	E10	TGCGCGTACTGGACTTGA	ATCACGAGGCAGAATTTCAG	ACCGCAAGCAGCCATGTA	ACGCGAAGTAATCTTTTCGG
5	E11	AGAACCGGTTACGTGCCT	ATCACGAGGCAGAATTTCAG	ACCACCACACGCTTAGGA	ACGCGAAGTAATCTTTTCGG
5	E12	ACGGCAAGGAATGTGTGC	ATCACGAGGCAGAATTTCAG	TCACGCAACTGAGGCCTA	ACGCGAAGTAATCTTTTCGG
5	E2	ATGCAGTCAACGCTCCGA	ATCACGAGGCAGAATTTCAG	AGGCAATCGCTAGGAGCT	ACGCGAAGTAATCTTTTCGG
5	E3	AGCTCTCGCGGTGTCAAT	ATCACGAGGCAGAATTTCAG	TCGTGCATGCCACTAGGA	ACGCGAAGTAATCTTTTCGG
5	E4	GCCAACAAGTAGCGCGAA	ATCACGAGGCAGAATTTCAG	TGCCACGCATTGTCCTGT	ACGCGAAGTAATCTTTTCGG
5	E5	TTGGTGCGCCGGTTAGTT	ATCACGAGGCAGAATTTCAG	ACGGCGCACATACCTTGT	ACGCGAAGTAATCTTTTCGG
5	E6	ACGCGGCTCTTCTACACA	ATCACGAGGCAGAATTTCAG	TGCCGGTTGCCTTACTGA	ACGCGAAGTAATCTTTTCGG
5	E7	TGACCAGGCGAACCAAGT	ATCACGAGGCAGAATTTCAG	TGTGCCGCGATTGGATCT	ACGCGAAGTAATCTTTTCGG
5	E8	ACGTTCACCACAGGCCTT	ATCACGAGGCAGAATTTCAG	TTGGCCGCAGAAGAGTGA	ACGCGAAGTAATCTTTTCGG
5	E9	AAGGACGCGTGAGAAGGA	ATCACGAGGCAGAATTTCAG	TGCAGCGCAACGAATGAG	ACGCGAAGTAATCTTTTCGG
5	F1	GCAATTGCCGCCATGTGT	ATCACGAGGCAGAATTTCAG	AGCGAGCGTTCTCCGTAA	ACGCGAAGTAATCTTTTCGG
5	F10	TGCGCGTACTGGACTTGA	ATCACGAGGCAGAATTTCAG	TTCACTGCGGTGGAGGTT	ACGCGAAGTAATCTTTTCGG
5	F11	AGAACCGGTTACGTGCCT	ATCACGAGGCAGAATTTCAG	TTGCACACCGCCTCTAGT	ACGCGAAGTAATCTTTTCGG
5	F12	ACGGCAAGGAATGTGTGC	ATCACGAGGCAGAATTTCAG	TGTTGTGCGAGGCCTCTA	ACGCGAAGTAATCTTTTCGG
5	F2	ATGCAGTCAACGCTCCGA	ATCACGAGGCAGAATTTCAG	ACGTCCTGCGGAACTCTT	ACGCGAAGTAATCTTTTCGG
5	F3	AGCTCTCGCGGTGTCAAT	ATCACGAGGCAGAATTTCAG	AGTCGCGCCATGTAGCTT	ACGCGAAGTAATCTTTTCGG
5	F4	GCCAACAAGTAGCGCGAA	ATCACGAGGCAGAATTTCAG	GCTTCGTACGAGCATGCA	ACGCGAAGTAATCTTTTCGG
5	F5	TTGGTGCGCCGGTTAGTT	ATCACGAGGCAGAATTTCAG	ACGCGCGAATATCGGACA	ACGCGAAGTAATCTTTTCGG
5	F6	ACGCGGCTCTTCTACACA	ATCACGAGGCAGAATTTCAG	TAAGCGGCGCCTAACCAT	ACGCGAAGTAATCTTTTCGG
5	F7	TGACCAGGCGAACCAAGT	ATCACGAGGCAGAATTTCAG	ACGCATCGGAGTGCAAGA	ACGCGAAGTAATCTTTTCGG
5	F8	ACGTTCACCACAGGCCTT	ATCACGAGGCAGAATTTCAG	CGGCGCGTTGAATCATGT	ACGCGAAGTAATCTTTTCGG
5	F9	AAGGACGCGTGAGAAGGA	ATCACGAGGCAGAATTTCAG	CGATGCGCTTCGTCTAGT	ACGCGAAGTAATCTTTTCGG
5	G1	TCGCGCGGCAAGTTCATA	ATCACGAGGCAGAATTTCAG	TCGGAGGTTCGTGAGACA	ACGCGAAGTAATCTTTTCGG
5	G10	GCGCGCAGTCCTTAATCT	ATCACGAGGCAGAATTTCAG	ACCGCAAGCAGCCATGTA	ACGCGAAGTAATCTTTTCGG
5	G11	ACAGCCTTGCTCGCTACT	ATCACGAGGCAGAATTTCAG	ACCACCACACGCTTAGGA	ACGCGAAGTAATCTTTTCGG
5	G12	TGCCGGTGGAGAATTGGT	ATCACGAGGCAGAATTTCAG	TCACGCAACTGAGGCCTA	ACGCGAAGTAATCTTTTCGG
5	G2	ACATCAGCCGAGTACGCT	ATCACGAGGCAGAATTTCAG	AGGCAATCGCTAGGAGCT	ACGCGAAGTAATCTTTTCGG
5	G3	AATCGCCGCTCGCAGTTA	ATCACGAGGCAGAATTTCAG	TCGTGCATGCCACTAGGA	ACGCGAAGTAATCTTTTCGG
5	G4	TCCGAACCGCATGACACT	ATCACGAGGCAGAATTTCAG	TGCCACGCATTGTCCTGT	ACGCGAAGTAATCTTTTCGG
5	G5	TGGAATGGCGTCCGCTAA	ATCACGAGGCAGAATTTCAG	ACGGCGCACATACCTTGT	ACGCGAAGTAATCTTTTCGG
5	G6	AGCTGGTGCCACAGAGAA	ATCACGAGGCAGAATTTCAG	TGCCGGTTGCCTTACTGA	ACGCGAAGTAATCTTTTCGG
5	G7	TTCCGCCGAGCCTCTTAA	ATCACGAGGCAGAATTTCAG	TGTGCCGCGATTGGATCT	ACGCGAAGTAATCTTTTCGG
5	G8	TGTGCCTTCGCTAAGCCA	ATCACGAGGCAGAATTTCAG	TTGGCCGCAGAAGAGTGA	ACGCGAAGTAATCTTTTCGG
5	G9	AACCGTGGATTGGCACGT	ATCACGAGGCAGAATTTCAG	TGCAGCGCAACGAATGAG	ACGCGAAGTAATCTTTTCGG
5	H1	TCGCGCGGCAAGTTCATA	ATCACGAGGCAGAATTTCAG	AGCGAGCGTTCTCCGTAA	ACGCGAAGTAATCTTTTCGG
5	H10	GCGCGCAGTCCTTAATCT	ATCACGAGGCAGAATTTCAG	TTCACTGCGGTGGAGGTT	ACGCGAAGTAATCTTTTCGG
5	H11	ACAGCCTTGCTCGCTACT	ATCACGAGGCAGAATTTCAG	TTGCACACCGCCTCTAGT	ACGCGAAGTAATCTTTTCGG
5	H12	TGCCGGTGGAGAATTGGT	ATCACGAGGCAGAATTTCAG	TGTTGTGCGAGGCCTCTA	ACGCGAAGTAATCTTTTCGG
5	H2	ACATCAGCCGAGTACGCT	ATCACGAGGCAGAATTTCAG	ACGTCCTGCGGAACTCTT	ACGCGAAGTAATCTTTTCGG
5	H3	AATCGCCGCTCGCAGTTA	ATCACGAGGCAGAATTTCAG	AGTCGCGCCATGTAGCTT	ACGCGAAGTAATCTTTTCGG
5	H4	TCCGAACCGCATGACACT	ATCACGAGGCAGAATTTCAG	GCTTCGTACGAGCATGCA	ACGCGAAGTAATCTTTTCGG
5	H5	TGGAATGGCGTCCGCTAA	ATCACGAGGCAGAATTTCAG	ACGCGCGAATATCGGACA	ACGCGAAGTAATCTTTTCGG
5	H6	AGCTGGTGCCACAGAGAA	ATCACGAGGCAGAATTTCAG	TAAGCGGCGCCTAACCAT	ACGCGAAGTAATCTTTTCGG
5	H7	TTCCGCCGAGCCTCTTAA	ATCACGAGGCAGAATTTCAG	ACGCATCGGAGTGCAAGA	ACGCGAAGTAATCTTTTCGG
5	H8	TGTGCCTTCGCTAAGCCA	ATCACGAGGCAGAATTTCAG	CGGCGCGTTGAATCATGT	ACGCGAAGTAATCTTTTCGG
5	H9	AACCGTGGATTGGCACGT	ATCACGAGGCAGAATTTCAG	CGATGCGCTTCGTCTAGT	ACGCGAAGTAATCTTTTCGG
6	A1	ATGCAGTCAACGCTCCGA	ATCACGAGGCAGAATTTCAG	TCGGAGGTTCGTGAGACA	ACGCGAAGTAATCTTTTCGG
6	A10	AGAACCGGTTACGTGCCT	ATCACGAGGCAGAATTTCAG	ACCGCAAGCAGCCATGTA	ACGCGAAGTAATCTTTTCGG
6	A11	ACGGCAAGGAATGTGTGC	ATCACGAGGCAGAATTTCAG	ACCACCACACGCTTAGGA	ACGCGAAGTAATCTTTTCGG
6	A12	GCAATTGCCGCCATGTGT	ATCACGAGGCAGAATTTCAG	TCACGCAACTGAGGCCTA	ACGCGAAGTAATCTTTTCGG
6	A2	AGCTCTCGCGGTGTCAAT	ATCACGAGGCAGAATTTCAG	AGGCAATCGCTAGGAGCT	ACGCGAAGTAATCTTTTCGG
6	A3	GCCAACAAGTAGCGCGAA	ATCACGAGGCAGAATTTCAG	TCGTGCATGCCACTAGGA	ACGCGAAGTAATCTTTTCGG
6	A4	TTGGTGCGCCGGTTAGTT	ATCACGAGGCAGAATTTCAG	TGCCACGCATTGTCCTGT	ACGCGAAGTAATCTTTTCGG
6	A5	ACGCGGCTCTTCTACACA	ATCACGAGGCAGAATTTCAG	ACGGCGCACATACCTTGT	ACGCGAAGTAATCTTTTCGG
6	A6	TGACCAGGCGAACCAAGT	ATCACGAGGCAGAATTTCAG	TGCCGGTTGCCTTACTGA	ACGCGAAGTAATCTTTTCGG
6	A7	ACGTTCACCACAGGCCTT	ATCACGAGGCAGAATTTCAG	TGTGCCGCGATTGGATCT	ACGCGAAGTAATCTTTTCGG
6	A8	AAGGACGCGTGAGAAGGA	ATCACGAGGCAGAATTTCAG	TTGGCCGCAGAAGAGTGA	ACGCGAAGTAATCTTTTCGG
6	A9	TGCGCGTACTGGACTTGA	ATCACGAGGCAGAATTTCAG	TGCAGCGCAACGAATGAG	ACGCGAAGTAATCTTTTCGG
6	B1	ATGCAGTCAACGCTCCGA	ATCACGAGGCAGAATTTCAG	AGCGAGCGTTCTCCGTAA	ACGCGAAGTAATCTTTTCGG
6	B10	AGAACCGGTTACGTGCCT	ATCACGAGGCAGAATTTCAG	TTCACTGCGGTGGAGGTT	ACGCGAAGTAATCTTTTCGG
6	B11	ACGGCAAGGAATGTGTGC	ATCACGAGGCAGAATTTCAG	TTGCACACCGCCTCTAGT	ACGCGAAGTAATCTTTTCGG
6	B12	GCAATTGCCGCCATGTGT	ATCACGAGGCAGAATTTCAG	TGTTGTGCGAGGCCTCTA	ACGCGAAGTAATCTTTTCGG
6	B2	AGCTCTCGCGGTGTCAAT	ATCACGAGGCAGAATTTCAG	ACGTCCTGCGGAACTCTT	ACGCGAAGTAATCTTTTCGG
6	B3	GCCAACAAGTAGCGCGAA	ATCACGAGGCAGAATTTCAG	AGTCGCGCCATGTAGCTT	ACGCGAAGTAATCTTTTCGG
6	B4	TTGGTGCGCCGGTTAGTT	ATCACGAGGCAGAATTTCAG	GCTTCGTACGAGCATGCA	ACGCGAAGTAATCTTTTCGG
6	B5	ACGCGGCTCTTCTACACA	ATCACGAGGCAGAATTTCAG	ACGCGCGAATATCGGACA	ACGCGAAGTAATCTTTTCGG
6	B6	TGACCAGGCGAACCAAGT	ATCACGAGGCAGAATTTCAG	TAAGCGGCGCCTAACCAT	ACGCGAAGTAATCTTTTCGG
6	B7	ACGTTCACCACAGGCCTT	ATCACGAGGCAGAATTTCAG	ACGCATCGGAGTGCAAGA	ACGCGAAGTAATCTTTTCGG
6	B8	AAGGACGCGTGAGAAGGA	ATCACGAGGCAGAATTTCAG	CGGCGCGTTGAATCATGT	ACGCGAAGTAATCTTTTCGG
6	B9	TGCGCGTACTGGACTTGA	ATCACGAGGCAGAATTTCAG	CGATGCGCTTCGTCTAGT	ACGCGAAGTAATCTTTTCGG
6	C1	ACATCAGCCGAGTACGCT	ATCACGAGGCAGAATTTCAG	TCGGAGGTTCGTGAGACA	ACGCGAAGTAATCTTTTCGG
6	C10	ACAGCCTTGCTCGCTACT	ATCACGAGGCAGAATTTCAG	ACCGCAAGCAGCCATGTA	ACGCGAAGTAATCTTTTCGG
6	C11	TGCCGGTGGAGAATTGGT	ATCACGAGGCAGAATTTCAG	ACCACCACACGCTTAGGA	ACGCGAAGTAATCTTTTCGG
6	C12	TCGCGCGGCAAGTTCATA	ATCACGAGGCAGAATTTCAG	TCACGCAACTGAGGCCTA	ACGCGAAGTAATCTTTTCGG
6	C2	AATCGCCGCTCGCAGTTA	ATCACGAGGCAGAATTTCAG	AGGCAATCGCTAGGAGCT	ACGCGAAGTAATCTTTTCGG
6	C3	TCCGAACCGCATGACACT	ATCACGAGGCAGAATTTCAG	TCGTGCATGCCACTAGGA	ACGCGAAGTAATCTTTTCGG
6	C4	TGGAATGGCGTCCGCTAA	ATCACGAGGCAGAATTTCAG	TGCCACGCATTGTCCTGT	ACGCGAAGTAATCTTTTCGG
6	C5	AGCTGGTGCCACAGAGAA	ATCACGAGGCAGAATTTCAG	ACGGCGCACATACCTTGT	ACGCGAAGTAATCTTTTCGG
6	C6	TTCCGCCGAGCCTCTTAA	ATCACGAGGCAGAATTTCAG	TGCCGGTTGCCTTACTGA	ACGCGAAGTAATCTTTTCGG
6	C7	TGTGCCTTCGCTAAGCCA	ATCACGAGGCAGAATTTCAG	TGTGCCGCGATTGGATCT	ACGCGAAGTAATCTTTTCGG
6	C8	AACCGTGGATTGGCACGT	ATCACGAGGCAGAATTTCAG	TTGGCCGCAGAAGAGTGA	ACGCGAAGTAATCTTTTCGG
6	C9	GCGCGCAGTCCTTAATCT	ATCACGAGGCAGAATTTCAG	TGCAGCGCAACGAATGAG	ACGCGAAGTAATCTTTTCGG
6	D1	ACATCAGCCGAGTACGCT	ATCACGAGGCAGAATTTCAG	AGCGAGCGTTCTCCGTAA	ACGCGAAGTAATCTTTTCGG
6	D10	ACAGCCTTGCTCGCTACT	ATCACGAGGCAGAATTTCAG	TTCACTGCGGTGGAGGTT	ACGCGAAGTAATCTTTTCGG
6	D11	TGCCGGTGGAGAATTGGT	ATCACGAGGCAGAATTTCAG	TTGCACACCGCCTCTAGT	ACGCGAAGTAATCTTTTCGG
6	D12	TCGCGCGGCAAGTTCATA	ATCACGAGGCAGAATTTCAG	TGTTGTGCGAGGCCTCTA	ACGCGAAGTAATCTTTTCGG
6	D2	AATCGCCGCTCGCAGTTA	ATCACGAGGCAGAATTTCAG	ACGTCCTGCGGAACTCTT	ACGCGAAGTAATCTTTTCGG
6	D3	TCCGAACCGCATGACACT	ATCACGAGGCAGAATTTCAG	AGTCGCGCCATGTAGCTT	ACGCGAAGTAATCTTTTCGG
6	D4	TGGAATGGCGTCCGCTAA	ATCACGAGGCAGAATTTCAG	GCTTCGTACGAGCATGCA	ACGCGAAGTAATCTTTTCGG
6	D5	AGCTGGTGCCACAGAGAA	ATCACGAGGCAGAATTTCAG	ACGCGCGAATATCGGACA	ACGCGAAGTAATCTTTTCGG
6	D6	TTCCGCCGAGCCTCTTAA	ATCACGAGGCAGAATTTCAG	TAAGCGGCGCCTAACCAT	ACGCGAAGTAATCTTTTCGG
6	D7	TGTGCCTTCGCTAAGCCA	ATCACGAGGCAGAATTTCAG	ACGCATCGGAGTGCAAGA	ACGCGAAGTAATCTTTTCGG
6	D8	AACCGTGGATTGGCACGT	ATCACGAGGCAGAATTTCAG	CGGCGCGTTGAATCATGT	ACGCGAAGTAATCTTTTCGG
6	D9	GCGCGCAGTCCTTAATCT	ATCACGAGGCAGAATTTCAG	CGATGCGCTTCGTCTAGT	ACGCGAAGTAATCTTTTCGG
6	E1	AGCTCTCGCGGTGTCAAT	ATCACGAGGCAGAATTTCAG	TCGGAGGTTCGTGAGACA	ACGCGAAGTAATCTTTTCGG
6	E10	ACGGCAAGGAATGTGTGC	ATCACGAGGCAGAATTTCAG	ACCGCAAGCAGCCATGTA	ACGCGAAGTAATCTTTTCGG
6	E11	GCAATTGCCGCCATGTGT	ATCACGAGGCAGAATTTCAG	ACCACCACACGCTTAGGA	ACGCGAAGTAATCTTTTCGG
6	E12	ATGCAGTCAACGCTCCGA	ATCACGAGGCAGAATTTCAG	TCACGCAACTGAGGCCTA	ACGCGAAGTAATCTTTTCGG
6	E2	GCCAACAAGTAGCGCGAA	ATCACGAGGCAGAATTTCAG	AGGCAATCGCTAGGAGCT	ACGCGAAGTAATCTTTTCGG
6	E3	TTGGTGCGCCGGTTAGTT	ATCACGAGGCAGAATTTCAG	TCGTGCATGCCACTAGGA	ACGCGAAGTAATCTTTTCGG
6	E4	ACGCGGCTCTTCTACACA	ATCACGAGGCAGAATTTCAG	TGCCACGCATTGTCCTGT	ACGCGAAGTAATCTTTTCGG
6	E5	TGACCAGGCGAACCAAGT	ATCACGAGGCAGAATTTCAG	ACGGCGCACATACCTTGT	ACGCGAAGTAATCTTTTCGG
6	E6	ACGTTCACCACAGGCCTT	ATCACGAGGCAGAATTTCAG	TGCCGGTTGCCTTACTGA	ACGCGAAGTAATCTTTTCGG
6	E7	AAGGACGCGTGAGAAGGA	ATCACGAGGCAGAATTTCAG	TGTGCCGCGATTGGATCT	ACGCGAAGTAATCTTTTCGG
6	E8	TGCGCGTACTGGACTTGA	ATCACGAGGCAGAATTTCAG	TTGGCCGCAGAAGAGTGA	ACGCGAAGTAATCTTTTCGG
6	E9	AGAACCGGTTACGTGCCT	ATCACGAGGCAGAATTTCAG	TGCAGCGCAACGAATGAG	ACGCGAAGTAATCTTTTCGG
6	F1	AGCTCTCGCGGTGTCAAT	ATCACGAGGCAGAATTTCAG	AGCGAGCGTTCTCCGTAA	ACGCGAAGTAATCTTTTCGG
6	F10	ACGGCAAGGAATGTGTGC	ATCACGAGGCAGAATTTCAG	TTCACTGCGGTGGAGGTT	ACGCGAAGTAATCTTTTCGG
6	F11	GCAATTGCCGCCATGTGT	ATCACGAGGCAGAATTTCAG	TTGCACACCGCCTCTAGT	ACGCGAAGTAATCTTTTCGG
6	F12	ATGCAGTCAACGCTCCGA	ATCACGAGGCAGAATTTCAG	TGTTGTGCGAGGCCTCTA	ACGCGAAGTAATCTTTTCGG
6	F2	GCCAACAAGTAGCGCGAA	ATCACGAGGCAGAATTTCAG	ACGTCCTGCGGAACTCTT	ACGCGAAGTAATCTTTTCGG
6	F3	TTGGTGCGCCGGTTAGTT	ATCACGAGGCAGAATTTCAG	AGTCGCGCCATGTAGCTT	ACGCGAAGTAATCTTTTCGG
6	F4	ACGCGGCTCTTCTACACA	ATCACGAGGCAGAATTTCAG	GCTTCGTACGAGCATGCA	ACGCGAAGTAATCTTTTCGG
6	F5	TGACCAGGCGAACCAAGT	ATCACGAGGCAGAATTTCAG	ACGCGCGAATATCGGACA	ACGCGAAGTAATCTTTTCGG
6	F6	ACGTTCACCACAGGCCTT	ATCACGAGGCAGAATTTCAG	TAAGCGGCGCCTAACCAT	ACGCGAAGTAATCTTTTCGG
6	F7	AAGGACGCGTGAGAAGGA	ATCACGAGGCAGAATTTCAG	ACGCATCGGAGTGCAAGA	ACGCGAAGTAATCTTTTCGG
6	F8	TGCGCGTACTGGACTTGA	ATCACGAGGCAGAATTTCAG	CGGCGCGTTGAATCATGT	ACGCGAAGTAATCTTTTCGG
6	F9	AGAACCGGTTACGTGCCT	ATCACGAGGCAGAATTTCAG	CGATGCGCTTCGTCTAGT	ACGCGAAGTAATCTTTTCGG
6	G1	AATCGCCGCTCGCAGTTA	ATCACGAGGCAGAATTTCAG	TCGGAGGTTCGTGAGACA	ACGCGAAGTAATCTTTTCGG
6	G10	TGCCGGTGGAGAATTGGT	ATCACGAGGCAGAATTTCAG	ACCGCAAGCAGCCATGTA	ACGCGAAGTAATCTTTTCGG
6	G11	TCGCGCGGCAAGTTCATA	ATCACGAGGCAGAATTTCAG	ACCACCACACGCTTAGGA	ACGCGAAGTAATCTTTTCGG
6	G12	ACATCAGCCGAGTACGCT	ATCACGAGGCAGAATTTCAG	TCACGCAACTGAGGCCTA	ACGCGAAGTAATCTTTTCGG
6	G2	TCCGAACCGCATGACACT	ATCACGAGGCAGAATTTCAG	AGGCAATCGCTAGGAGCT	ACGCGAAGTAATCTTTTCGG
6	G3	TGGAATGGCGTCCGCTAA	ATCACGAGGCAGAATTTCAG	TCGTGCATGCCACTAGGA	ACGCGAAGTAATCTTTTCGG
6	G4	AGCTGGTGCCACAGAGAA	ATCACGAGGCAGAATTTCAG	TGCCACGCATTGTCCTGT	ACGCGAAGTAATCTTTTCGG
6	G5	TTCCGCCGAGCCTCTTAA	ATCACGAGGCAGAATTTCAG	ACGGCGCACATACCTTGT	ACGCGAAGTAATCTTTTCGG
6	G6	TGTGCCTTCGCTAAGCCA	ATCACGAGGCAGAATTTCAG	TGCCGGTTGCCTTACTGA	ACGCGAAGTAATCTTTTCGG
6	G7	AACCGTGGATTGGCACGT	ATCACGAGGCAGAATTTCAG	TGTGCCGCGATTGGATCT	ACGCGAAGTAATCTTTTCGG
6	G8	GCGCGCAGTCCTTAATCT	ATCACGAGGCAGAATTTCAG	TTGGCCGCAGAAGAGTGA	ACGCGAAGTAATCTTTTCGG
6	G9	ACAGCCTTGCTCGCTACT	ATCACGAGGCAGAATTTCAG	TGCAGCGCAACGAATGAG	ACGCGAAGTAATCTTTTCGG
6	H1	AATCGCCGCTCGCAGTTA	ATCACGAGGCAGAATTTCAG	AGCGAGCGTTCTCCGTAA	ACGCGAAGTAATCTTTTCGG
6	H10	TGCCGGTGGAGAATTGGT	ATCACGAGGCAGAATTTCAG	TTCACTGCGGTGGAGGTT	ACGCGAAGTAATCTTTTCGG
6	H11	TCGCGCGGCAAGTTCATA	ATCACGAGGCAGAATTTCAG	TTGCACACCGCCTCTAGT	ACGCGAAGTAATCTTTTCGG
6	H12	ACATCAGCCGAGTACGCT	ATCACGAGGCAGAATTTCAG	TGTTGTGCGAGGCCTCTA	ACGCGAAGTAATCTTTTCGG
6	H2	TCCGAACCGCATGACACT	ATCACGAGGCAGAATTTCAG	ACGTCCTGCGGAACTCTT	ACGCGAAGTAATCTTTTCGG
6	H3	TGGAATGGCGTCCGCTAA	ATCACGAGGCAGAATTTCAG	AGTCGCGCCATGTAGCTT	ACGCGAAGTAATCTTTTCGG
6	H4	AGCTGGTGCCACAGAGAA	ATCACGAGGCAGAATTTCAG	GCTTCGTACGAGCATGCA	ACGCGAAGTAATCTTTTCGG
6	H5	TTCCGCCGAGCCTCTTAA	ATCACGAGGCAGAATTTCAG	ACGCGCGAATATCGGACA	ACGCGAAGTAATCTTTTCGG
6	H6	TGTGCCTTCGCTAAGCCA	ATCACGAGGCAGAATTTCAG	TAAGCGGCGCCTAACCAT	ACGCGAAGTAATCTTTTCGG
6	H7	AACCGTGGATTGGCACGT	ATCACGAGGCAGAATTTCAG	ACGCATCGGAGTGCAAGA	ACGCGAAGTAATCTTTTCGG
6	H8	GCGCGCAGTCCTTAATCT	ATCACGAGGCAGAATTTCAG	CGGCGCGTTGAATCATGT	ACGCGAAGTAATCTTTTCGG
6	H9	ACAGCCTTGCTCGCTACT	ATCACGAGGCAGAATTTCAG	CGATGCGCTTCGTCTAGT	ACGCGAAGTAATCTTTTCGG
